,id,state,gender,dob,avggift,hv1,med_house_income,avg_fam_income,hvp1,ic5,pobc1,pobc2,med_fam_income,avg_house_income,domain,profit,target_d
0,44060,FL,M,1901,28.0,,392,520.0,7,21975,6,16,430.0,466,C2,72.0,100.0
1,96093,IL,M,0,5.666666667,537.0,365,473.0,0,19387,1,89,415.0,410,T2,1.3333333329999997,7.0
2,43333,FL,F,2501,4.1111111110000005,725.0,301,436.0,3,18837,11,17,340.0,361,C2,0.8888888889999995,5.0
3,21885,NC,M,2208,27.27777778,,401,413.0,7,14014,1,74,407.0,399,T2,10.722222219999999,38.0
4,190108,FL,F,0,6.0,995.0,252,348.0,0,17991,5,6,280.0,316,C2,-1.0,5.0
5,100640,IL,M,6104,25.57142857,764.0,457,501.0,1,16022,2,75,477.0,480,S2,4.428571430000002,30.0
6,18581,NC,female,4407,4.625,775.0,318,419.0,5,13491,0,73,364.0,380,R2,7.375,12.0
7,119038,TX,M,0,6.175,890.0,519,560.0,0,17872,2,46,525.0,551,C1,0.8250000000000002,7.0
8,173223,CA,F,1801,8.818181818,,184,250.0,0,8708,2,63,206.0,235,T2,1.1818181820000007,10.0
9,157988,CA,F,0,6.666666667,,593,617.0,61,17838,7,62,,619,S1,3.3333333329999997,10.0
10,141720,NV,F,5401,13.0,1569.0,673,781.0,22,25775,3,44,672.0,785,T1,-8.0,5.0
11,186272,CA,F,3401,8.64,3515.0,521,588.0,97,20068,11,54,565.0,549,U1,1.3599999999999994,10.0
12,154301,Cali,F,2801,11.25,1026.0,459,496.0,1,13803,12,52,470.0,491,T2,-1.25,10.0
13,189722,AP,Male,0,5.727272727000001,0.0,0,0.0,0,0,0,0,0.0,0,0,0.2727272729999992,6.0
14,188304,KS,F,2405,10.55,376.0,263,316.0,0,10755@,1,75,303.0,287,T2,-0.5500000000000007,10.0
15,73699,MI,,5102,11.28571429,890.0,463,523.0,1,9493,5,53,474.0,512,S1,3.7142857100000004,15.0
16,31977,FL,F,2701,18.5,1513.0,521,702.0,31,28124,3,24,599.0,615,T1,9.5,28.0
17,44336,FL,F,6501,15.0,948.0,330,411.0,4,17728,6,8,365.0,368,C2,0.0,15.0
18,127823,TX,F,2301,5.45,258.0,64,74.0,0,4236,0,94,60.0,93,C3,0.5499999999999998,6.0
19,150739,CA,U,5410,9.681818182,1951.0,556,625.0,44,17208,10,66,578.0,619,S1,2.3181818179999993,12.0
20,41384,FL,F,5107,9.428571429,556.0,318,,0,11779,16,22,358.0,320,S3,2.571428571,12.0
21,114721,OK,,0,11.66666667,1040.0,472,656.0,0,26962,2,56,609.0,579,C2,3.3333333300000003,15.0
22,111795,AR,,0,5.0,603.0,208,341.0,2,12038,1,70,264.0,288,0,0.0,5.0
23,64480,IN,F,0,7.142857143,526.0,277,370.0,1,12826,1,80,336.0,317,T2,2.8571428570000004,10.0
24,87259,MT,M,4304,9.7,717.0,302,432.0,1,15614,1,53,458.0,349,C1,15.3,25.0
25,115823,TX,M,0,6.5,1011.0,593,650.0,1,17606,5,61,588.0,650,S1,8.5,15.0
26,95701,IL,M,4406,8.372790698,1063.0,255,317.0,3,14023,16,53,260.0,312,S2,-3.3727906979999993,5.0
27,5172,IL,M,6105,10.61111111,291.0,136,212.0,0,8370,5,67,168.0,180,R3,-0.6111111099999995,10.0
28,152486,CA,M,2401,5.5,1538.0,271,393.0,11,15627,5,49,317.0,342,S2,-0.5,5.0
29,153880,WI,F,5001,12.5,592.0,244,392.0,1,12220,3,74,341.0,306,S1,-7.5,5.0
30,101855,MO,M,2401,7.857142857,871.0,340,416.0,6,15336,0,71,385.0,365,C2,2.1428571429999996,10.0
31,62932,IN,M,0,8.0,403.0,174,264.0,1,9704,0,45,240.0,201,S3,2.0,10.0
32,125930,TX,F,4806,6.0,715.0,339,396.0,1,12617,3,88,378.0,371,R2,1.5,7.5
33,173653,HI,F,2401,15.5,2346.0,420,503.0,67,14552,5,78,446.0,468,C2,5.5,21.0
34,11011,FL,M,2601,12.61111111,559.0,232,269.0,0,10511,11,20,270.0,257,S3,7.3888888900000005,20.0
35,116894,TX,M,2201,12.25,,368,531.0,5,33797,2,42,457.0,450,U1,7.75,20.0
36,154245,CA,F,4304,16.5,596.0,164,190.0,0,5273,23,57,168.0,181,R1,-1.5,15.0
37,134773,UT,M,3201,15.0,706.0,362,394.0,1,10420,1,82,376.0,379,C3,10.0,25.0
38,26271,GA,F,3701,10.13333333,878.0,310,588.0,30,22281,4,55,517.0,433,C2,5.866666670000001,16.0
39,180292,WA,F,2105,6.6,1275.0,405,545.0,21,20971,6,51,453.0,500,C2,3.4000000000000004,10.0
40,10145,CA,F,5401,8.928571429,2362.0,613,678.0,74,21179,9,61,632.0,655,C1,-3.928571429,5.0
41,133806,ID,U,0,20.0,718.0,226,357.0,0,17292,0,39,280.0,278,T2,-5.0,15.0
42,112632,CT,M,5001,8.272727273,2531.0,669,750.0,77,21094,6,51,730.0,696,0,2.727272727000001,11.0
43,143253,CA,F,2101,7.125,2089.0,275,356.0,56,10484,53,36,296.0,322,U3,-2.125,5.0
44,403,AL,J,3901,33.5,765.0,408,472.0,1,15150,1,68,430.0,441,0,1.5,35.0
45,189882,ND,F,4201,10.0,832.0,310,376.0,0,11972,1,85,338.0,348,C2,0.0,10.0
46,119570,TX,M,5201,6.181818182000001,1458.0,299,446.0,8,19185,4,56,354.0,356,S1,3.8181818179999993,10.0
47,144021,CA,F,4903,13.5,1590.0,240,257.0,25,7559,57,34,238.0,262,U4,1.5,15.0
48,93356,IL,F,3705,11.83333333,613.0,212,355.0,0,11792,1,60,245.0,294,U2,13.16666667,25.0
49,24711,SC,F,0,5.875,477.0,256,316.0,0,10621,1,80,282.0,292,T2,4.125,10.0
50,74914,IA,F,1501,4.8636363639999995,424.0,192,256.0,0,9497,1,78,256.0,230,T2,1.1363636360000005,6.0
51,6909,CO,M,2801,13.82352941,383.0,252,380.0,0,14045,0,78,256.0,359,R3,1.1764705899999992,15.0
52,124543,TX,M,5811,11.06666667,688.0,422,490.0,0,16561,0,84,466.0,457,T1,6.93333333,18.0
53,163018,CA,M,0,15.66666667,3500.0,351,407.0,57,26034,36,28,260.0,463,U1,8.33333333,24.0
54,190671,CA,,1901,9.260869565,2143.0,280,373.0,63,12935,29,36,353.0,328,0,4.739130435,14.0
55,33356,FL,F,1401,14.09090909,625.0,246,536.0,3,19102,1,47,466.0,362,S1,5.90909091,20.0
56,151600,Cali,M,6601,15.0,1560.0,500,485.0,5,13816,22,38,488.0,487,S2,6.0,21.0
57,21259,NC,female,4001,12.47826087,716.0,146,382.0,1,11136,2,66,339.0,227,C2,2.5217391300000003,15.0
58,128987,TX,F,3912,26.33333333,1247.0,215,444.0,17,16891,16,50,313.0,350,U1,14.666666670000001,41.0
59,108926,LA,M,2601,15.0,611.0,265,337.0,1,12313,4,52,323.0,302,T2,5.0,20.0
60,154709,Cali,F,0,13.0,1431.0,291,376.0,24,10498,18,48,390.0,315,S2,-8.0,5.0
61,108050,LA,F,1401,5.2,1089.0,431,538.0,1,16777,2,64,520.0,480,T1,10.8,16.0
62,187274,IA,F,0,15.0,435.0,244,329.0,0,10692,2,76,298.0,281,R2,0.0,15.0
63,171655,Cali,F,0,12.66666667,1409.0,321,428.0,21,15611,3,57,405.0,377,S3,-0.6666666699999997,12.0
64,160488,OR,M,0,9.5,647.0,369,463.0,0,18492,6,34,422.0,401,C2,0.5,10.0
65,21305,NC,M,5601,8.333333332999999,415.0,199,300.0,0,11449,0,86,308.0,242,R2,1.6666666670000012,10.0
66,98470,IL,F,1108,8.75,492.0,172,399.0,0,13218,3,85,384.0,276,T2,5.25,14.0
67,140586,TX,M,0,13.25,1043.0,610,788.0,13,49744,2,70,682.0,731,T1,6.75,20.0
68,158101,Cali,M,1701,15.0,3668.0,690,780.0,97,32964,10,44,693.0,781,S1,0.0,15.0
69,150043,Cali,M,3201,20.0,3491.0,791,903.0,94,32718,18,44,828.0,853,S1,0.0,20.0
70,96251,IL,F,4401,5.8666666670000005,192.0,164,224.0,0,7361,3,89,211.0,186,T3,4.1333333329999995,10.0
71,188547,Cali,M,0,20.26086957,0.0,0,0.0,0,0,0,0,0.0,0,U4,4.7391304299999994,25.0
72,180617,WA,male,2101,7.483333332999999,824.0,225,383.0,10,13090,7,52,308.0,293,C2,3.516666667000001,11.0
73,86000,SD,F,1201,11.25,428.0,205,309.0,0,11192,2,62,318.0,245,C2,-1.25,10.0
74,13265,AL,F,1901,7.75,417.0,122,250.0,0,9715,0,64,283.0,160,C3,3.25,11.0
75,71,TN,F,3401,6.818181817999999,399.0,307,352.0,0,11428,0,85,315.0,336,R2,9.181818182,16.0
76,148969,Cali,F,0,9.111111111,2377.0,633,663.0,85,19545,13,53,637.0,652,C1,0.8888888890000004,10.0
77,156324,Cali,,0,8.75,2016.0,431,497.0,51,17882,11,53,465.0,459,S1,6.25,15.0
78,130976,CO,F,1412,8.142857142999999,933.0,289,379.0,0,14104,6,42,332.0,349,C2,-1.1428571429999987,7.0
79,140141,NM,F,4401,12.8,619.0,215,268.0,4,10427,2,50,222.0,260,R2,1.1999999999999993,14.0
80,85416,Cali,F,0,14.0,3303.0,533,614.0,94,24251,13,45,568.0,586,C2,11.0,25.0
81,108150,LA,F,6312,15.2,960.0,479,613.0,0,19518,10,57,526.0,548,S1,4.800000000000001,20.0
82,129823,CO,M,5601,6.076923077000001,1236.0,622,737.0,13,25882,2,29,630.0,727,S1,3.923076922999999,10.0
83,104413,AZ,M,4201,5.5,473.0,164,215.0,1,9819,6,23,179.0,207,R2,0.5,6.0
84,60512,IL,,2801,20.8,1055.0,366,400.0,0,11289,8,74,462.0,379,S2,4.199999999999999,25.0
85,90480,IL,F,4201,9.0,1509.0,545,680.0,19,23170,7,75,617.0,599,C1,2.0,11.0
86,148911,Cali,F,7201,15.5,1953.0,454,564.0,47,21667,11,47,526.0,478,C2,-5.5,10.0
87,52990,TN,M,3801,5.0,927.0,299,410.0,1,14428,1,56,322.0,372,T2,21.0,26.0
88,148022,Cali,F,4608,6.076923077000001,2098.0,305,368.0,56,13564,56,25,311.0,352,U2,3.923076922999999,10.0
89,147406,Cali,M,2801,30.94117647,5209.0,1054,1128.0,99,52654,7,47,1220.0,1058,U1,7.0588235300000015,38.0
90,103468,MO,F,4103,7.1,476.0,219,319.0,0,10966,1,74,280.0,272,T2,7.9,15.0
91,84100,MN,M,3201,14.0,1515.0,648,781.0,17,25787,6,63,684.0,717,S1,0.0,14.0
92,137548,AZ,M,2009,7.933333332999999,2158.0,411,640.0,54,33235,7,12,516.0,535,C1,1.0666666670000007,9.0
93,6932,MO,M,1708,7.264705882,1110.0,460,624.0,5,21875,2,58,544.0,538,S1,2.7352941179999997,10.0
94,37118,FL,,2607,9.857142857000001,581.0,349,373.0,0,9667,19,53,361.0,359,S2,5.142857142999999,15.0
95,109179,LA,M,4201,10.18181818,563.0,259,342.0,3,10726,1,90,301.0,308,R2,3.8181818199999995,14.0
96,140642,NM,F,2710,5.0,740.0,240,324.0,2,10701,9,26,288.0,294,T2,0.0,5.0
97,77057,IA,F,3601,12.33333333,516.0,332,379.0,0,13293,2,75,378.0,347,S2,2.6666666699999997,15.0
98,83131,MN,M,0,10.0,575.0,249,316.0,0,9843,0,86,282.0,290,R2,10.0,20.0
99,168078,Cali,M,3501,13.66666667,2357.0,511,609.0,81,23786,26,55,540.0,570,S1,5.33333333,19.0
100,32975,SC,M,5908,10.875,645.0,304,376.0,0,6826,3,15,360.0,306,S2,14.125,25.0
101,37472,FL,M,0,20.0,825.0,233,301.0,0,9747,63,21,239.0,290,C3,0.0,20.0
102,63113,IN,M,2805,5.375,531.0,246,290.0,0,10423,2,70,278.0,272,T2,-0.375,5.0
103,57039,KY,F,2911,4.302325581,195.0,131,179.0,0,5727,0,94,148.0,159,R3,0.6976744190000002,5.0
104,58786,KY,F,2701,6.055555556,423.0,293,279.0,0,10343,0,82,297.0,274,R2,13.944444444,20.0
105,164306,Cali,F,0,15.0,2725.0,629,734.0,83,24424,9,51,684.0,662,S2,15.0,30.0
106,113129,OK,F,1501,20.0,359.0,220,299.0,0,13024,0,64,247.0,270,S1,0.0,20.0
107,19094,CT,F,0,28.33333333,1373.0,472,517.0,2,17363,5,71,463.0,504,T1,11.666666670000001,40.0
108,102224,NJ,J,0,6.125,1439.0,370,464.0,3,13353,15,61,414.0,417,S1,-0.125,6.0
109,155375,Cali,F,2201,5.846153846,889.0,398,495.0,0,13782,7,68,488.0,450,S2,0.153846154,6.0
110,185030,FL,M,1704,10.15384615,824.0,248,326.0,0,15008,15,7,274.0,288,U1,-0.15384614999999968,10.0
111,149887,Cali,M,0,10.83333333,1993.0,442,520.0,49,16427,15,53,472.0,484,C3,4.16666667,15.0
112,117216,TX,F,6201,10.25,618.0,233,394.0,0,12864,9,75,310.0,302,S2,19.75,30.0
113,167892,Cali,F,0,7.666666667,3259.0,267,591.0,83,19399,17,49,626.0,508,U1,2.3333333329999997,10.0
114,107618,NE,F,1801,2.361111111,151.0,180,273.0,0,9138,0,68,208.0,230,R3,-0.36111111100000004,2.0
115,72410,MI,M,0,14.57142857,492.0,272,402.0,0,14442,1,55,370.0,317,T2,5.42857143,20.0
116,112319,AR,Female,3201,17.0,892.0,380,468.0,5,19444,2,21,406.0,426,C1,13.0,30.0
117,28061,GA,F,5902,5.484848485,948.0,531,584.0,1,19537,2,65,530.0,585,T2,-0.48484848499999966,5.0
118,108371,LA,F,1401,24.16666667,717.0,190,302.0,0,10888,21,62,313.0,235,U2,-4.1666666700000015,20.0
119,187807,MI,M,8305,12.1,612.0,330,400.0,1,13162,1,27,326.0,392,R2,9.9,22.0
120,180383,WA,F,609,8.214285713999999,919.0,338,346.0,1,12507,5,56,337.0,349,C3,2.785714286000001,11.0
121,183013,WA,male,3001,10.0,697.0,317,406.0,0,13561,3,34,364.0,337,S2,1.0,11.0
122,187769,Cali,M,5403,10.6,5059.0,693,847.0,99,29368,10,48,752.0,751,S1,14.4,25.0
123,191056,Cali,M,801,28.83333333,5667.0,492,848.0,98,51280,11,35,808.0,594,U1,18.16666667,47.0
124,151891,Cali,F,0,11.44444444,2750.0,668,781.0,91,26199,10,44,701.0,717,S2,3.55555556,15.0
125,5822,KS,F,2901,6.07675,513.0,400,482.0,0,20842,3,66,434.0,436,S2,4.92325,11.0
126,164969,Cali,F,6001,5.684210526,1848.0,505,581.0,33,19729,28,49,515.0,560,S1,1.3157894739999998,7.0
127,172846,Cali,M,4201,14.11111111,1417.0,406,508.0,18,18590,29,49,341.0,519,C2,-4.1111111099999995,10.0
128,95951,IL,F,4804,8.076923077,347.0,210,286.0,0,10356,6,74,255.0,229,C3,11.923076923,20.0
129,18089,NC,M,5001,13.77777778,994.0,404,530.0,2,17420,1,70,475.0,485,C1,11.22222222,25.0
130,35276,FL,,1701,6.642857143,3542.0,642,843.0,76,53131,3,31,690.0,807,C1,3.3571428570000004,10.0
131,18607,NC,M,6001,7.769230769,797.0,377,451.0,2,16163,0,74,418.0,423,T2,15.230769231,23.0
132,61275,IN,M,4801,7.6363636360000005,791.0,361,428.0,1,13805,1,74,407.0,390,T2,4.3636363639999995,12.0
133,36141,FL,F,2805,15.0,957.0,408,459.0,16,17718,5,17,399.0,450,C1,-5.0,10.0
134,85716,MN,F,2401,25.0,357.0,164,254.0,0,8443,1,78,214.0,215,R3,0.0,25.0
135,154195,Cali,F,0,20.0,896.0,336,418.0,2,14513,7,46,362.0,389,T2,0.0,20.0
136,46755,AL,F,0,4.833333333,402.0,232,300.0,0,10540,1,86,249.0,276,R2,0.16666666700000032,5.0
137,13239,FL,M,2901,2.916666667,3083.0,166,332.0,52,16019,26,3,270.0,233,C1,0.08333333300000012,3.0
138,86068,SD,F,0,9.363636364,460.0,247,372.0,0,11245,1,69,357.0,300,R2,-4.3636363639999995,5.0
139,67900,MI,M,4801,17.5,294.0,279,404.0,0,10385,2,80,355.0,391,U4,2.5,20.0
140,59610,IN,F,2301,10.0,1199.0,547,605.0,2,20694,0,69,556.0,597,T1,5.0,15.0
141,13378,CA,F,2401,5.714285714,1125.0,280,362.0,15,10857,10,51,336.0,305,T2,1.2857142860000002,7.0
142,20752,NC,M,2001,8.533333333,974.0,252,330.0,3,13321,2,32,279.0,300,C2,4.466666667,13.0
143,30934,GA,M,905,12.5,316.0,213,280.0,0,8956,0,79,238.0,254,R2,2.5,15.0
144,102163,MO,F,4301,25.0,825.0,401,555.0,1,28003,4,49,463.0,464,C1,5.0,30.0
145,128976,TX,F,7001,6.142857143,642.0,271,312.0,0,9453,12,35,284.0,306,S2,3.8571428570000004,10.0
146,44088,IN,M,3602,7.6875,1263.0,468,601.0,21,26265,4,58,517.0,548,C1,2.3125,10.0
147,154931,CA,F,0,8.0,1809.0,454,543.0,35,15886,12,44,466.0,503,C2,2.0,10.0
148,87939,IL,M,901,13.0,5294.0,1035,1065.0,96,60053,12,57,1165.0,1012,S1,17.0,30.0
149,140779,NV,F,4601,5.75,1161.0,448,570.0,5,20691,8,14,484.0,536,S1,0.25,6.0
150,113838,OK,F,0,6.333333333,295.0,150,248.0,0,8962,1,62,203.0,195,R3,1.6666666670000003,8.0
151,156568,CA,,4812,40.08333333,3020.0,756,823.0,95,26135,4,46,765.0,809,S1,34.91666667,75.0
152,130485,CO,F,3001,8.571428571,431.0,258,541.0,0,25828,3,32,342.0,386,U2,7.428571429,16.0
153,101803,MO,F,4701,11.0,544.0,264,340.0,0,16194,1,71,283.0,326,C3,14.0,25.0
154,41899,FL,M,0,7.846153846,618.0,223,335.0,2,13341,7,22,278.0,278,U3,2.153846154,10.0
155,30795,GA,M,0,5.444444444,323.0,183,210.0,2,7139,0,77,207.0,201,T3,4.555555556,10.0
156,133256,ID,M,2002,13.0,1104.0,511,566.0,7,17366,3,50,528.0,534,C1,-3.0,10.0
157,151203,CA,U,0,8.2,2135.0,417,456.0,58,18907,10,55,417.0,433,0,-3.1999999999999993,5.0
158,31425,GA,M,3901,4.8888888889999995,671.0,287,441.0,3,16517,4,70,365.0,372,T3,11.111111111,16.0
159,70524,MI,F,3204,10.8,510.0,228,394.0,0,12576,1,80,370.0,324,R2,12.2,23.0
160,161229,CA,F,4201,8.666666667000001,650.0,302,318.0,13,7080,43,49,302.0,315,R2,12.333333332999999,21.0
161,83181,MN,F,0,12.72727273,487.0,248,327.0,0,10792,1,88,287.0,286,R2,2.2727272700000007,15.0
162,143528,CA,F,4905,7.523809524,2925.0,288,376.0,83,23046,27,21,305.0,353,U1,2.476190476,10.0
163,42970,FL,M,0,4.428571429,884.0,242,313.0,1,13491,6,6,268.0,271,T2,-1.4285714289999998,3.0
164,83708,MN,F,5609,8.4,753.0,341,442.0,0,15502,1,80,393.0,373,S1,1.5999999999999996,10.0
165,101390,MO,F,5701,2.5714285709999998,594.0,337,347.0,1,13094,0,79,350.0,343,C2,-0.5714285709999998,2.0
166,77898,WI,male,2808,7.5,627.0,367,444.0,0,15350,6,71,427.0,394,S2,2.5,10.0
167,77345,WI,male,0,13.2,806.0,331,447.0,0,15120,1,85,420.0,382,S1,2.8000000000000007,16.0
168,142579,CA,F,201,10.71428571,3149.0,504,672.0,80,22033,8,33,601.0,562,U1,9.28571429,20.0
169,162209,CA,F,2005,9.2,5266.0,495,785.0,96,43828,17,36,675.0,669,S1,0.8000000000000007,10.0
170,171396,CA,M,0,5.0,1401.0,441,466.0,1,15438,6,49,445.0,462,C2,1.0,6.0
171,129530,CO,M,5401,12.5,593.0,163,230.0,0,9520,8,33,180.0,207,S2,-2.5,10.0
172,33773,FL,F,0,13.0,915.0,308,438.0,13,17783,8,19,357.0,367,R1,7.0,20.0
173,10031,NE,F,3001,7.285714286,456.0,258,381.0,2,13411,2,75,311.0,314,T2,2.714285714,10.0
174,62056,IN,M,4601,4.625,610.0,319,407.0,0,11815,0,86,336.0,384,R2,2.375,7.0
175,11494,FL,M,6501,8.4,1229.0,469,544.0,21,17313,2,30,502.0,507,T1,-3.4000000000000004,5.0
176,44847,FL,M,5201,9.769230769,428.0,140,208.0,1,9064,7,35,196.0,171,T2,0.23076923100000002,10.0
177,94851,IL,F,1601,7.307692307999999,2333.0,316,744.0,61,33535,18,45,643.0,420,U1,2.692307692000001,10.0
178,15668,NC,M,4101,9.333333332999999,707.0,383,433.0,0,13852,0,84,400.0,398,R2,35.666666667,45.0
179,175579,OR,F,4806,16.66666667,377.0,171,187.0,0,21980,16,42,199.0,219,U4,3.3333333299999985,20.0
180,150534,CA,U,0,5.0,1624.0,380,408.0,13,9685,38,47,382.0,407,U3,-1.0,4.0
181,68441,MI,F,4201,27.5,348.0,184,316.0,0,11686,0,71,269.0,264,U4,2.5,30.0
182,157185,CA,F,0,6.785652174,1878.0,523,566.0,35,16084,8,62,526.0,564,C1,-1.785652174,5.0
183,90816,IL,F,5309,17.8,777.0,378,423.0,0,14106,6,84,386.0,396,S2,2.1999999999999993,20.0
184,94915,IL,F,4309,12.16666667,1463.0,117,523.0,8,13344,26,60,439.0,266,U1,2.8333333300000003,15.0
185,118392,TX,M,1701,5.347826087,375.0,153,248.0,0,7798,1,84,214.0,206,R3,6.652173913,12.0
186,187571,IN,,0,19.66666667,561.0,302,331.0,1,10873,0,60,301.0,323,R2,6.3333333299999985,26.0
187,21659,NC,M,5401,7.875,502.0,199,261.0,1,8726,0,85,250.0,229,R2,2.125,10.0
188,157672,CA,M,3101,12.66666667,4206.0,789,850.0,93,37411,19,36,804.0,834,C1,-2.6666666699999997,10.0
189,64166,IN,M,1701,16.6,800.0,283,425.0,4,15160,7,60,398.0,338,T2,6.399999999999999,23.0
190,185304,CO,M,2505,15.21428571,1472.0,625,732.0,27,27469,3,24,653.0,687,T1,5.78571429,21.0
191,57963,KY,F,2709,8.4375,492.0,332,471.0,3,21410,0,71,450.0,425,C2,1.5625,10.0
192,98249,IL,F,0,6.666666667,609.0,314,385.0,1,11360,0,92,347.0,349,R2,3.3333333329999997,10.0
193,153689,CA,F,3001,9.5,2430.0,604,669.0,85,20529,11,42,610.0,659,S1,10.5,20.0
194,157807,CA,M,2401,10.25,2559.0,581,651.0,84,21559,13,51,591.0,614,S1,5.75,16.0
195,41715,FL,,0,3.3,696.0,272,427.0,7,16474,7,22,357.0,358,U3,-0.2999999999999998,3.0
196,45356,FL,M,2006,6.608695652000001,762.0,254,411.0,7,17458,7,13,355.0,327,U2,1.3913043479999994,8.0
197,163506,CA,F,0,15.85714286,3556.0,735,805.0,98,34382,9,55,701.0,838,U1,-0.8571428599999997,15.0
198,107727,NE,F,4007,5.279069767,441.0,260,353.0,0,12452,1,75,321.0,300,T2,1.7209302329999998,7.0
199,64212,IN,F,2601,15.66666667,502.0,319,388.0,0,12989,1,80,363.0,341,C2,4.33333333,20.0
200,60252,IN,M,0,13.45454546,673.0,284,373.0,0,15149,1,67,330.0,335,S2,1.5454545399999997,15.0
201,45101,FL,F,0,4.125,1173.0,322,494.0,5,18738,7,14,424.0,407,C1,-1.125,3.0
202,36528,FL,F,2303,25.0,934.0,323,400.0,1,9980,73,17,373.0,376,S2,0.0,25.0
203,38820,FL,M,1306,9.576923077,1332.0,357,497.0,2,21444,14,15,411.0,422,C1,10.423076923,20.0
204,133906,ID,F,0,15.0,451.0,225,294.0,1,10244,1,43,261.0,262,R2,-5.0,10.0
205,12226,CO,F,1301,5.4117647060000005,649.0,238,302.0,0,10417,7,60,273.0,272,C2,2.5882352939999995,8.0
206,8696,OK,F,0,13.0,590.0,410,456.0,0,13115,1,65,439.0,433,T2,-2.0,11.0
207,119368,TX,F,4008,11.5,500.0,291,379.0,0,19609,6,50,316.0,314,C1,13.5,25.0
208,14319,FL,M,2601,10.7,368.0,230,295.0,0,9547,0,68,271.0,261,S3,8.3,19.0
209,118408,TX,M,2109,9.0,427.0,315,377.0,0,11299,2,86,365.0,340,R2,6.0,15.0
210,146585,CA,F,0,4.243243243,1458.0,173,249.0,7,8381,40,38,191.0,220,U3,3.756756757,8.0
211,120115,TX,M,701,40.875,274.0,154,256.0,1,8881,6,84,214.0,199,R3,159.125,200.0
212,57463,KY,F,2512,11.14285714,584.0,274,341.0,0,15105,3,62,287.0,336,S2,-1.1428571400000003,10.0
213,94394,IL,F,3308,8.916666667000001,553.0,306,348.0,0,9296,2,72,309.0,333,U3,1.0833333329999988,10.0
214,155135,CA,M,3001,6.75,903.0,321,390.0,0,10985,8,54,406.0,358,S3,0.25,7.0
215,149595,CA,M,6008,12.5,2545.0,361,358.0,80,14300,38,37,304.0,386,S2,4.5,17.0
216,166606,CA,F,3401,39.44444444,1778.0,411,503.0,27,18236,21,41,480.0,439,U1,10.555555560000002,50.0
217,8240,CA,,0,10.81481482,1187.0,328,428.0,11,13978,11,49,366.0,393,0,-0.8148148200000005,10.0
218,185904,TX,F,5801,7.076923077000001,1448.0,651,724.0,18,24736,3,49,667.0,698,S1,5.923076922999999,13.0
219,49351,AL,Male,3401,14.2,712.0,377,472.0,1,15013,0,73,398.0,446,T2,0.8000000000000007,15.0
220,191779,FL,M,2701,25.0,1432.0,636,772.0,24,35544,0,44,693.0,680,0,125.0,150.0
221,169881,CA,F,0,8.222222222000001,2598.0,470,661.0,74,31631,9,36,557.0,562,C1,6.777777777999999,15.0
222,144356,CA,F,0,6.538461539,2855.0,311,537.0,78,18525,28,47,385.0,484,U2,13.461538461,20.0
223,186528,TX,F,2212,9.8125,535.0,244,402.0,3,17053,8,86,437.0,317,C2,5.1875,15.0
224,14161,WA,male,2805,7.818181817999999,703.0,161,232.0,0,8860,2,55,206.0,206,T3,2.1818181820000007,10.0
225,190839,IL,M,5601,12.5,662.0,352,456.0,1,13460,17,60,406.0,394,U3,2.5,15.0
226,146269,CA,F,4601,7.25,2973.0,576,654.0,85,18497,39,41,591.0,624,U1,2.75,10.0
227,188507,CA,F,2601,9.769230769,2289.0,631,679.0,66,22571,8,61,647.0,657,T1,0.23076923100000002,10.0
228,116251,TX,F,505,6.409090909,1274.0,789,825.0,1,26360,4,31,798.0,804,S1,3.5909090910000003,10.0
229,81945,WI,male,6401,15.0,840.0,458,548.0,11,20327,1,79,471.0,513,S1,5.0,20.0
230,8989,WA,F,1401,10.5,1024.0,441,472.0,5,13462,5,46,451.0,446,T2,21.5,32.0
231,47282,AL,F,5701,7.5,558.0,336,398.0,0,13299,2,77,354.0,382,S2,7.5,15.0
232,2950,MT,M,0,4.85,717.0,306,358.0,1,11279,2,37,315.0,333,R1,-2.8499999999999996,2.0
233,87771,IL,F,6401,13.33333333,1667.0,541,624.0,26,21458,8,65,603.0,592,U1,6.66666667,20.0
234,167934,WA,F,3201,10.72727273,843.0,423,486.0,5,16476,6,32,424.0,475,S2,10.27272727,21.0
235,26045,GA,F,4801,9.666666667000001,583.0,360,434.0,5,24198,4,22,374.0,405,C1,4.333333332999999,14.0
236,661,CA,M,6509,19.47058824,1801.0,495,525.0,34,18663,3,48,534.0,475,U2,0.5294117599999986,20.0
237,47569,AL,F,0,9.153846154,863.0,406,562.0,2,19862,3,58,527.0,459,C2,0.846153846,10.0
238,176743,OR,M,201,4.8571428569999995,335.0,140,170.0,0,6682,7,36,157.0,154,C3,2.1428571430000005,7.0
239,188164,TX,,0,8.533333333,1362.0,575,718.0,8,21447,4,63,645.0,627,S1,1.4666666670000001,10.0
240,134364,UT,F,0,20.0,700.0,252,302.0,0,12806,6,63,257.0,281,U2,0.0,20.0
241,93742,IL,F,3504,20.0,562.0,360,474.0,0,12391,24,69,480.0,388,U3,10.0,30.0
242,39479,FL,M,3306,4.105769231,1287.0,479,616.0,7,20795,15,35,508.0,567,C2,-0.10576923100000002,4.0
243,54142,TN,F,4601,13.0,476.0,210,310.0,0,10171,0,55,254.0,272,R2,8.0,21.0
244,168038,CA,M,4703,20.0,5939.0,1214,1085.0,99,64833,19,42,1211.0,1080,S1,16.0,36.0
245,48675,AL,F,2601,7.0,648.0,353,453.0,0,16873,0,77,418.0,357,C1,-2.0,5.0
246,158980,CA,M,6201,17.85714286,1862.0,365,425.0,23,10521,25,45,372.0,401,S2,2.1428571400000003,20.0
247,153888,CA,F,3801,19.0,1843.0,515,582.0,34,23660,15,29,511.0,575,S1,-9.0,10.0
248,162300,CA,M,2001,9.888888889,5190.0,870,918.0,98,39481,10,47,892.0,871,S1,10.111111111,20.0
249,163081,CA,M,0,6.0,3912.0,351,454.0,98,19508,22,32,410.0,404,U1,1.0,7.0
250,14000,OK,F,2101,11.0625,1537.0,791,949.0,26,32640,2,54,783.0,916,S1,0.9375,12.0
251,6599,WA,F,3601,10.86666667,719.0,330,416.0,1,14248,3,57,340.0,389,S2,0.13333332999999925,11.0
252,135454,AZ,M,0,8.823529412000001,1074.0,469,516.0,11,18042,2,34,472.0,510,T1,6.176470587999999,15.0
253,128643,TX,M,2809,6.625,298.0,268,303.0,0,9838,3,75,281.0,267,C3,-2.625,4.0
254,116420,TX,M,0,9.333333332999999,1951.0,807,896.0,49,31111,6,32,838.0,870,S1,10.666666667000001,20.0
255,35101,FL,M,1911,18.0,1434.0,388,577.0,25,18405,3,37,479.0,513,S1,2.0,20.0
256,75474,IA,M,0,11.66666667,206.0,229,288.0,0,9248,0,86,251.0,267,R3,3.3333333300000003,15.0
257,785,MI,M,4507,17.5,613.0,146,349.0,0,13209,39,42,267.0,209,C1,0.5,18.0
258,27624,GA,F,3701,7.769230769,991.0,493,548.0,3,17344,2,46,506.0,532,T1,0.23076923100000002,8.0
259,73754,MI,F,1801,13.31818182,900.0,343,465.0,0,16254,3,74,420.0,386,S1,11.68181818,25.0
260,141189,NV,F,0,53.0,1163.0,468,548.0,7,18824,3,26,493.0,511,S2,-28.0,25.0
261,1544,HI,F,5201,13.0,3260.0,509,581.0,87,19165,19,52,542.0,552,S1,-3.0,10.0
262,124149,TX,M,1801,12.0,430.0,237,320.0,0,10269,1,82,283.0,281,T2,2.0,14.0
263,85890,SD,F,0,14.41176471,167.0,214,290.0,0,9452,0,85,273.0,247,R3,5.58823529,20.0
264,37005,FL,F,0,7.875,1380.0,260,371.0,14,13011,8,26,325.0,299,T2,3.125,11.0
265,166324,CA,U,0,11.85714286,3357.0,284,447.0,73,24240,15,33,455.0,343,U1,7.14285714,19.0
266,13448,CA,F,3001,5.055555556,1518.0,150,218.0,13,5043,64,27,171.0,208,U4,-0.05555555599999984,5.0
267,180428,WA,male,4811,18.0,1390.0,426,470.0,12,15022,3,63,430.0,463,T2,2.0,20.0
268,12517,MO,M,3201,2.8125,1224.0,575,611.0,7,18029,2,77,577.0,608,S1,-1.8125,1.0
269,99246,IL,F,2201,10.26666667,182.0,171,278.0,0,9240,0,64,217.0,242,R3,9.73333333,20.0
270,174760,OR,F,2501,4.555555556,786.0,419,466.0,1,15010,1,59,452.0,444,T2,0.44444444400000016,5.0
271,124379,TX,M,4401,4.5,308.0,161,219.0,0,6576,10,72,186.0,204,0,0.5,5.0
272,176862,OR,F,0,10.04347826,1074.0,232,309.0,15,15070,1,18,252.0,294,T2,9.95652174,20.0
273,188986,AZ,M,2101,9.714285713999999,885.0,367,454.0,12,21767,8,1,408.0,417,C2,-0.714285713999999,9.0
274,148906,CA,F,6201,4.1428571430000005,2375.0,371,363.0,71,15361,21,39,363.0,411,C2,1.8571428569999995,6.0
275,109646,LA,M,5201,9.472222222000001,657.0,265,325.0,3,12509,0,87,293.0,303,T3,0.527777777999999,10.0
276,62295,IN,F,5601,25.5,581.0,369,383.0,0,12835,7,70,372.0,369,C2,-5.5,20.0
277,162650,CA,M,0,8.333333332999999,3010.0,410,559.0,93,19149,20,56,518.0,431,S1,-3.333333332999999,5.0
278,99836,MO,M,3101,15.0,548.0,262,342.0,0,12621,0,96,355.0,298,S3,6.0,21.0
279,33994,FL,M,5304,7.090909091,819.0,348,459.0,3,15958,1,47,388.0,421,T2,-1.0909090910000003,6.0
280,93432,IL,F,0,6.0,613.0,212,355.0,0,11792,1,60,245.0,294,U3,5.0,11.0
281,62786,IN,F,3501,8.235294117999999,431.0,280,347.0,0,11052,0,62,314.0,310,R2,2.7647058820000012,11.0
282,44634,FL,M,3701,7.285714286,710.0,254,391.0,6,15970,4,30,287.0,325,C2,2.714285714,10.0
283,146914,CA,F,5401,6.5,3673.0,515,725.0,97,31773,10,39,675.0,589,U1,3.5,10.0
284,70079,MI,F,4701,15.0,365.0,98,330.0,0,9470,0,53,310.0,221,C3,0.0,15.0
285,24871,SC,F,4401,9.666666667000001,682.0,366,498.0,2,14538,3,63,464.0,421,T2,6.333333332999999,16.0
286,150660,UT,F,4601,10.20588235,901.0,327,437.0,1,17854,8,61,336.0,411,U1,1.7941176500000005,12.0
287,169700,California,M,0,5.571428571,1676.0,371,372.0,9,13231,6,69,336.0,398,C2,19.428571429,25.0
288,63542,IN,F,4801,14.55555556,445.0,332,423.0,0,13662,0,78,398.0,370,T2,11.44444444,26.0
289,125164,TX,F,1601,22.6,588.0,316,381.0,0,14293,5,85,383.0,344,S2,27.4,50.0
290,65634,MI,F,801,10.16666667,413.0,95,231.0,0,9020,12,46,171.0,123,C3,1.8333333300000003,12.0
291,59285,IN,F,5101,12.0,522.0,225,403.0,0,13669,1,84,349.0,326,T3,-2.0,10.0
292,78802,WI,J,1301,15.0,667.0,293,422.0,0,17527,5,68,385.0,334,S2,0.0,15.0
293,186460,WI,F,0,10.375,303.0,175,253.0,0,7115,1,76,217.0,219,R3,9.625,20.0
294,114579,OK,M,2112,13.16666667,633.0,399,517.0,0,17637,0,63,442.0,439,C1,-3.1666666699999997,10.0
295,23184,SC,F,0,14.0,391.0,214,269.0,0,9853,0,77,243.0,242,C3,-4.0,10.0
296,125289,TX,F,1802,5.25,707.0,246,327.0,0,15322,13,63,283.0,291,S2,1.75,7.0
297,10502,MI,M,0,13.46666667,1179.0,464,501.0,2,15910,2,82,496.0,462,T2,1.5333333299999996,15.0
298,46844,AL,Male,0,7.0,453.0,219,299.0,0,9654,0,90,264.0,263,R3,3.0,10.0
299,162814,CA,M,3701,6.2,3365.0,544,621.0,94,27608,8,59,525.0,655,U1,3.8,10.0
300,89653,IL,M,1708,4.818181818,1315.0,328,472.0,9,15767,5,64,384.0,398,C2,-1.8181818180000002,3.0
301,170818,CA,F,6209,6.0,668.0,187,240.0,0,6845,32,39,191.0,239,S1,4.0,10.0
302,6147,SC,M,2101,13.90909091,399.0,221,302.0,0,10150,0,88,266.0,259,T2,10.09090909,24.0
303,14276,CA,F,2801,13.2,3200.0,267,338.0,87,11115,36,43,292.0,325,U2,1.8000000000000007,15.0
304,120166,TX,F,2608,9.214285713999999,289.0,171,283.0,0,9765,3,83,226.0,224,R3,2.785714286000001,12.0
305,156817,CA,F,0,20.0,1796.0,266,337.0,33,10720,48,32,271.0,334,U2,0.0,20.0
306,35476,FL,M,3609,17.14285714,625.0,259,309.0,0,11072,17,16,282.0,299,C3,7.85714286,25.0
307,155382,CA,F,3301,15.85,978.0,290,381.0,6,13490,9,50,324.0,349,U2,14.15,30.0
308,104049,MO,M,0,3.166666667,367.0,159,222.0,0,8893,0,63,186.0,193,R3,-0.16666666699999988,3.0
309,112461,AR,M,2401,9.411764706,376.0,178,256.0,3,8246,0,57,195.0,231,R3,0.5882352940000004,10.0
310,79580,WI,F,201,15.0,937.0,321,545.0,7,18567,13,52,441.0,433,U1,6.0,21.0
311,86528,ND,F,0,3.083333333,675.0,272,358.0,1,13135,1,81,310.0,301,T2,-0.08333333300000012,3.0
312,107658,NE,F,0,6.928571429,232.0,197,280.0,0,9480,1,81,259.0,229,R2,3.071428571,10.0
313,69537,MI,F,2801,8.6,545.0,364,416.0,0,11401,2,89,382.0,400,R2,6.4,15.0
314,81284,WI,F,4308,13.4,458.0,228,318.0,0,10731,4,82,270.0,276,C2,11.6,25.0
315,32475,FL,M,0,16.4,814.0,271,324.0,3,10488,2,52,268.0,312,T2,3.6000000000000014,20.0
316,104505,KS,F,3801,10.0,671.0,320,376.0,0,12950,0,57,340.0,349,R2,15.0,25.0
317,13483,WI,F,0,6.34,452.0,293,371.0,0,10979,0,91,316.0,339,R3,10.66,17.0
318,1042,OR,M,810,9.1875,826.0,314,426.0,7,14958,3,34,348.0,390,T1,-1.1875,8.0
319,28337,GA,M,2801,11.33333333,860.0,324,375.0,0,15491,15,35,351.0,346,S2,8.66666667,20.0
320,67808,MI,F,2207,8.787878787999999,185.0,277,286.0,0,10788,8,63,283.0,312,U4,1.2121212120000013,10.0
321,35017,FL,M,2101,12.90909091,576.0,200,324.0,0,12518,8,12,280.0,244,T2,-2.9090909099999998,10.0
322,10973,CA,M,2305,10.89473684,2431.0,563,660.0,75,24290,8,59,579.0,655,T1,1.1052631599999998,12.0
323,67030,MI,M,0,33.33333333,388.0,364,433.0,0,12601,2,70,410.0,413,S3,16.666666669999998,50.0
324,122279,TX,F,4903,5.076923077,1680.0,884,935.0,20,27875,7,36,878.0,943,U4,-0.076923077,5.0
325,18802,NC,M,5101,14.5,1128.0,409,481.0,3,15936,2,67,467.0,442,T2,5.5,20.0
326,90092,IL,F,3905,18.46153846,916.0,434,457.0,0,12450,7,82,421.0,458,S2,-8.46153846,10.0
327,98821,IL,F,2601,9.0,340.0,185,275.0,0,10719,3,78,228.0,235,T2,1.0,10.0
328,116186,TX,M,4212,11.95454546,711.0,322,378.0,1,12630,1,76,353.0,360,R2,-1.9545454600000003,10.0
329,18359,NC,female,0,6.444444444,412.0,215,315.0,0,9706,0,94,259.0,271,R3,3.555555556,10.0
330,128970,TX,F,0,9.25,893.0,443,527.0,2,17519,6,57,463.0,508,S1,4.75,14.0
331,172635,CA,M,0,11.44444444,644.0,191,272.0,3,9569,8,57,222.0,243,T3,4.55555556,16.0
332,106508,KS,F,1401,12.0,440.0,219,288.0,0,10985,9,41,261.0,260,T1,8.0,20.0
333,81067,WI,F,0,15.0,363.0,76,158.0,0,9086,2,67,127.0,115,C3,0.0,15.0
334,169106,California,F,4501,8.0,1745.0,397,521.0,20,18427,9,80,512.0,485,T2,-3.0,5.0
335,106898,NE,F,3801,6.631578947,672.0,302,449.0,0,14981,2,58,416.0,348,S2,-1.6315789470000004,5.0
336,24747,SC,F,4405,9.0,1419.0,661,741.0,16,23212,4,26,697.0,700,S1,6.0,15.0
337,144906,California,U,2501,20.0,3781.0,494,606.0,95,22770,10,46,609.0,543,U1,0.0,20.0
338,40516,FL,F,1509,12.33333333,1938.0,483,807.0,48,47363,2,4,787.0,629,C1,8.66666667,21.0
339,172530,California,F,3601,5.714285714,1495.0,323,351.0,22,14923,4,57,334.0,348,T1,1.2857142860000002,7.0
340,72438,MI,M,1701,8.75,561.0,351,373.0,0,13150,1,89,353.0,368,T2,1.25,10.0
341,144076,California,M,1201,38.75,5980.0,1500,1217.0,99,94863,27,41,1500.0,1124,S1,11.25,50.0
342,130609,CO,M,1404,12.0,1412.0,499,606.0,14,24758,3,46,601.0,538,S1,4.0,16.0
343,43974,FL,M,4601,3.8181818180000002,1869.0,452,640.0,44,29990,6,9,542.0,553,S2,1.1818181819999998,5.0
344,32709,FL,F,5601,13.25,556.0,229,280.0,0,12960,4,39,272.0,258,C2,1.75,15.0
345,187298,SC,,0,7.0,1015.0,478,533.0,0,17763,14,40,500.0,516,S1,3.0,10.0
346,50905,TN,F,2301,8.666666667000001,736.0,331,432.0,1,16926,1,61,390.0,379,S2,7.333333332999999,16.0
347,55552,MS,M,3203,8.4,363.0,156,244.0,0,7079,0,91,193.0,214,R3,11.6,20.0
348,28550,GA,F,5204,11.66666667,803.0,423,508.0,0,19029,9,51,512.0,467,S2,3.3333333300000003,15.0
349,158460,California,F,2910,13.7,1818.0,258,350.0,28,10324,35,36,316.0,299,U3,1.3000000000000007,15.0
350,56449,KY,F,0,6.928571429,640.0,381,450.0,0,15499,0,82,414.0,403,R2,-1.9285714289999998,5.0
351,133315,WA,F,3603,8.5,698.0,355,416.0,1,13184,1,34,377.0,393,T2,1.5,10.0
352,164251,California,F,4001,15.0,1449.0,378,470.0,4,16190,6,46,439.0,395,S2,-10.0,5.0
353,149626,NV,,0,10.5,1557.0,290,361.0,17,13837,5,6,311.0,342,S1,-0.5,10.0
354,123805,TX,F,2801,4.583333333,518.0,223,302.0,1,10041,4,70,256.0,273,R2,2.4166666670000003,7.0
355,156077,California,F,5601,9.666666667000001,1180.0,232,307.0,9,7582,20,40,248.0,277,T2,5.333333332999999,15.0
356,183858,WA,male,4801,16.0,511.0,268,354.0,0,12388,2,56,309.0,317,R2,9.0,25.0
357,164217,California,M,4011,14.16666667,2869.0,630,745.0,74,24945,6,46,668.0,686,T1,10.83333333,25.0
358,169973,California,F,4001,11.4,1514.0,325,517.0,17,18572,3,53,451.0,439,R1,3.5999999999999996,15.0
359,15066,NC,female,4601,8.958333332999999,444.0,260,341.0,0,11387,0,87,296.0,288,R3,1.0416666670000012,10.0
360,64467,IN,F,4801,12.69230769,444.0,270,364.0,0,13896,1,39,318.0,310,R2,-0.6923076899999998,12.0
361,133814,ID,M,2412,18.71428571,654.0,250,366.0,3,13433,2,32,306.0,312,T2,6.285714290000001,25.0
362,31852,FL,F,4802,15.2,985.0,480,506.0,0,15195,3,25,495.0,487,S1,10.8,26.0
363,82610,MN,J,2308,3.6,280.0,249,304.0,0,10337,0,86,282.0,277,S2,1.4,5.0
364,34319,FL,M,3001,50.0,714.0,390,507.0,0,18391,5,30,465.0,437,C1,-25.0,25.0
365,152527,California,F,4501,23.0,1854.0,289,402.0,37,11567,9,50,377.0,339,C2,0.0,23.0
366,178290,WA,male,0,5.375,0.0,0,0.0,0,0,0,0,0.0,0,S1,0.625,6.0
367,153818,California,F,0,9.828571429,2780.0,574,677.0,86,29871,5,14,587.0,653,S1,0.17142857099999986,10.0
368,152641,California,F,0,30.0,1538.0,319,351.0,1,11046,11,43,305.0,349,S3,20.0,50.0
369,161691,California,F,3401,19.16666667,1528.0,327,391.0,8,13190,17,51,358.0,370,C2,5.8333333299999985,25.0
370,8404,TX,U,1501,37.2,605.0,272,364.0,1,10897,5,73,313.0,335,R2,-27.200000000000003,10.0
371,88119,IL,F,3001,7.0,1165.0,391,533.0,0,22667,3,82,518.0,454,S1,3.0,10.0
372,122167,TX,F,0,12.4,439.0,255,294.0,0,9346,33,49,262.0,303,C2,-2.4000000000000004,10.0
373,106639,NE,F,2001,15.0,681.0,387,477.0,0,13753,1,47,422.0,428,S1,0.0,15.0
374,153450,California,,0,24.5,1865.0,256,362.0,44,16069,13,36,295.0,317,U3,22.5,47.0
375,120107,TX,M,1803,18.08333333,225.0,157,263.0,0,8947,1,81,204.0,217,R3,7.9166666700000015,26.0
376,72617,MI,M,0,5.454545455,258.0,216,274.0,0,8231,0,65,244.0,245,R3,3.545454545,9.0
377,155541,California,M,3410,9.785714286000001,2236.0,546,620.0,59,19923,9,57,563.0,612,T1,0.21428571399999896,10.0
378,77107,WI,male,4306,11.7,1438.0,619,801.0,19,30386,6,67,691.0,744,S1,2.3000000000000007,14.0
379,186016,TN,M,0,8.619047619,403.0,209,244.0,0,9078,0,79,223.0,213,R2,1.3809523810000002,10.0
380,152053,California,F,5305,12.53333333,3071.0,626,746.0,76,24844,3,51,694.0,704,S1,12.46666667,25.0
381,12880,FL,M,1401,7.846153846,1442.0,369,488.0,32,26462,7,4,394.0,445,C1,2.153846154,10.0
382,16099,NC,female,2701,5.5,660.0,282,335.0,1,10743,0,81,291.0,327,R2,6.5,12.0
383,166337,California,M,5401,15.0,5813.0,1221,1191.0,98,60492,8,52,1302.0,1077,S1,0.0,15.0
384,142495,California,F,0,11.4,2250.0,340,444.0,60,19170,35,28,375.0,379,U1,9.6,21.0
385,66891,MI,U,0,3.857142857,1115.0,512,619.0,4,20171,3,64,582.0,517,S1,1.142857143,5.0
386,118673,TX,F,0,10.81818182,761.0,321,354.0,2,12145,2,76,347.0,351,R2,-0.8181818199999995,10.0
387,168389,California,F,0,15.0,2930.0,372,491.0,91,24747,19,49,454.0,456,U1,5.0,20.0
388,14982,California,F,0,16.06666667,3370.0,342,401.0,94,15765,22,40,346.0,356,U1,-1.06666667,15.0
389,185925,MN,M,4701,7.3636363639999995,966.0,418,569.0,3,22845,7,58,463.0,479,C1,2.6363636360000005,10.0
390,144393,California,F,1909,8.631578947000001,2024.0,352,427.0,51,11885,24,43,400.0,392,U2,6.368421052999999,15.0
391,4907,MT,female,0,13.65909091,553.0,238,323.0,0,12885,2,56,381.0,270,C2,8.34090909,22.0
392,99298,MO,M,4001,16.5,703.0,314,376.0,0,12799,0,78,357.0,350,S2,15.5,32.0
393,187532,FL,M,0,15.0,1286.0,500,551.0,9,19082,14,8,502.0,542,T1,0.0,15.0
394,119496,TX,F,0,7.857142857,758.0,390,461.0,4,14397,4,56,397.0,448,S1,-2.8571428570000004,5.0
395,169919,California,F,4801,8.666666667000001,657.0,169,254.0,2,9583,3,59,216.0,220,T2,11.333333332999999,20.0
396,106963,NE,M,6102,10.85714286,581.0,315,411.0,0,16473,1,57,368.0,378,S2,4.14285714,15.0
397,145838,California,U,0,20.0,2019.0,406,512.0,52,12623,29,39,423.0,478,S1,-12.0,8.0
398,150624,California,M,0,7.3764583329999995,1247.0,321,385.0,8,10994,22,48,358.0,357,S2,0.6235416670000005,8.0
399,182144,FL,F,5208,7.1363636360000005,559.0,229,278.0,0,8359,1,44,277.0,244,S2,-0.13636363600000045,7.0
400,135449,AZ,M,4801,7.181818182000001,687.0,369,403.0,0,9781,6,37,375.0,390,S2,2.8181818179999993,10.0
401,49743,AL,Male,1901,16.0,582.0,217,375.0,2,12588,1,59,363.0,275,T2,6.0,22.0
402,65500,MI,M,7001,12.33333333,690.0,419,490.0,0,15715,1,19,451.0,468,S1,2.6666666699999997,15.0
403,172420,California,F,6601,6.25,988.0,169,344.0,9,9190,5,67,246.0,247,C2,-0.25,6.0
404,7494,California,F,2301,5.24,1500.0,282,382.0,4,13859,10,42,353.0,332,C2,0.7599999999999998,6.0
405,149498,California,J,3803,21.66666667,5742.0,1289,1119.0,99,64190,27,35,1369.0,1085,S1,-1.6666666700000015,20.0
406,169780,California,,0,12.5,1650.0,219,319.0,18,12994,18,56,225.0,304,C2,-2.5,10.0
407,70944,MI,F,7501,20.0,357.0,205,303.0,0,9192,3,81,268.0,260,T2,0.0,20.0
408,117230,TX,M,801,5.7,406.0,186,203.0,0,8797,8,67,226.0,183,C3,5.3,11.0
409,50427,TN,F,5406,9.1,871.0,464,539.0,0,18279,3,47,501.0,503,T2,5.9,15.0
410,43998,FL,M,2108,16.75,768.0,256,385.0,4,13696,6,22,310.0,323,C2,5.25,22.0
411,71255,MI,M,1511,12.16666667,458.0,231,323.0,0,12539,4,86,241.0,308,T1,0.8333333300000003,13.0
412,63308,IN,M,2301,8.0,485.0,344,422.0,0,17697,0,76,382.0,402,C2,2.0,10.0
413,82196,MN,F,2001,5.923076922999999,405.0,212,309.0,0,9715,1,81,267.0,261,R2,-0.9230769229999991,5.0
414,114820,MO,F,0,6.294117647,459.0,240,299.0,1,9637,1,71,253.0,272,T2,3.705882353,10.0
415,176781,OR,M,3101,8.75,811.0,324,463.0,4,16399,5,38,394.0,395,C1,1.25,10.0
416,20438,NC,M,2601,7.142857143,509.0,248,282.0,0,9114,4,38,254.0,288,T2,2.8571428570000004,10.0
417,91879,IL,F,0,12.0,1030.0,375,585.0,0,17204,5,65,553.0,473,S2,8.0,20.0
418,92443,IL,F,0,6.153846154,881.0,392,437.0,0,14377,3,90,393.0,414,S2,3.846153846,10.0
419,168189,California,M,5001,8.0,2794.0,637,678.0,93,23035,11,54,630.0,671,U1,7.0,15.0
420,148998,California,,4709,16.81818182,3233.0,684,781.0,95,26104,8,50,753.0,714,C1,8.18181818,25.0
421,186292,California,M,509,5.571428571,931.0,155,222.0,9,7968,20,46,192.0,180,C2,4.428571429,10.0
422,75180,IA,F,4409,10.5,529.0,317,326.0,0,12494,3,76,340.0,319,C2,4.5,15.0
423,88596,IL,F,912,10.0,1897.0,406,664.0,44,26951,15,67,519.0,476,U1,4.0,14.0
424,155266,California,F,0,9.462962962999999,641.0,123,279.0,3,8046,37,38,168.0,236,C3,1.537037037000001,11.0
425,13622,FL,M,3201,14.86666667,715.0,247,342.0,2,15360,4,11,283.0,317,S2,-4.866666670000001,10.0
426,189853,MS,female,4306,7.166666667,440.0,205,280.0,0,8314,0,63,238.0,249,0,0.8333333329999997,8.0
427,175708,OR,M,4201,25.0,532.0,436,428.0,0,12734,0,42,436.0,486,S2,5.0,30.0
428,182243,WA,F,3605,8.3,876.0,335,481.0,18,15179,6,31,409.0,426,S2,1.6999999999999993,10.0
429,171566,California,M,2201,10.25,1175.0,272,396.0,7,12987,4,68,318.0,376,T2,4.75,15.0
430,156266,California,F,3701,13.57142857,3921.0,413,583.0,87,21648,10,55,410.0,575,R1,6.42857143,20.0
431,41604,FL,F,2401,8.307692308,919.0,413,532.0,0,17653,14,26,538.0,446,S1,1.692307692,10.0
432,187678,NY,F,0,5.222222222,625.0,266,330.0,0,10031,2,68,276.0,316,S2,-0.22222222200000008,5.0
433,42165,FL,M,0,16.5,734.0,310,399.0,1,12868,3,45,348.0,365,T2,-6.5,10.0
434,24507,SC,M,3411,21.5,468.0,228,326.0,0,10910,1,84,300.0,278,R2,3.5,25.0
435,44657,FL,M,4201,4.0,583.0,302,362.0,0,13351,9,32,317.0,343,T2,1.0,5.0
436,10554,IL,M,0,13.33333333,314.0,206,280.0,0,10245,0,90,224.0,236,R3,6.66666667,20.0
437,33192,FL,F,3501,6.25,671.0,341,385.0,0,12982,2,39,354.0,363,C2,3.75,10.0
438,76470,IA,M,3307,9.642857142999999,550.0,288,349.0,0,13538,1,82,344.0,303,T2,0.35714285700000126,10.0
439,67075,MI,F,4601,13.23076923,609.0,410,540.0,0,23275,1,72,551.0,490,S2,4.76923077,18.0
440,169827,California,F,4801,15.0,1650.0,397,479.0,19,15002,14,60,404.0,477,S2,6.0,21.0
441,38734,FL,F,709,16.0,1979.0,350,738.0,50,42356,22,6,640.0,526,C1,10.0,26.0
442,65245,MI,F,3101,10.83333333,473.0,302,409.0,0,13445,8,82,364.0,319,U3,-0.8333333300000003,10.0
443,186396,AL,Male,4311,13.14285714,679.0,277,347.0,0,13133,4,50,295.0,317,T2,6.85714286,20.0
444,54160,TN,F,2801,15.0,475.0,226,261.0,0,8709,0,73,260.0,241,R3,-5.0,10.0
445,178826,CO,,5102,10.83333333,872.0,418,482.0,1,15287,5,40,424.0,458,S1,9.16666667,20.0
446,7507,IL,M,2504,10.10526316,1075.0,366,455.0,0,14394,1,90,449.0,373,S2,-0.1052631599999998,10.0
447,4150,MO,F,4412,10.75,580.0,310,374.0,0,12273,2,75,322.0,347,C2,3.25,14.0
448,120041,TX,F,5901,6.285714286,442.0,252,390.0,0,12929,2,69,341.0,325,T2,1.7142857139999998,8.0
449,51486,TN,M,2805,6.3636363639999995,325.0,119,210.0,0,8856,2,78,133.0,188,C3,-0.36363636399999955,6.0
450,173348,California,M,2701,5.5,1276.0,423,521.0,7,17032,5,51,524.0,497,T2,2.5,8.0
451,74669,MI,F,0,12.25,438.0,267,314.0,0,10329,1,75,302.0,287,R2,7.75,20.0
452,64430,IN,F,0,11.66666667,386.0,258,358.0,1,12513,0,75,301.0,313,R2,1.3333333300000003,13.0
453,156485,California,F,4101,6.266666667000001,2433.0,403,502.0,86,18284,18,41,459.0,449,U1,3.733333332999999,10.0
454,39935,FL,M,6001,4.0,1464.0,305,472.0,7,22648,11,13,413.0,377,C3,0.0,4.0
455,50187,TN,U,0,20.0,1052.0,482,541.0,9,20492,1,44,499.0,516,C1,0.0,20.0
456,26254,GA,F,6801,6.25,998.0,488,602.0,21,29540,5,51,550.0,581,C1,3.75,10.0
457,30433,GA,F,2201,17.1875,821.0,390,526.0,1,19734,2,58,475.0,425,C1,-2.1875,15.0
458,189373,California,F,1804,5.533333333,2300.0,311,375.0,68,16133,27,42,345.0,350,U2,9.466666667,15.0
459,91756,IL,M,5810,7.368421053,1852.0,550,614.0,34,17690,7,86,561.0,602,T1,-0.3684210529999996,7.0
460,182279,WA,F,6201,13.24,663.0,205,277.0,0,10959,12,41,220.0,234,C3,6.76,20.0
461,122465,TX,F,4501,7.2,2056.0,906,957.0,52,29903,4,28,924.0,931,C1,0.7999999999999998,8.0
462,24666,SC,M,5201,10.9,916.0,416,468.0,2,14496,1,72,435.0,444,T2,4.1,15.0
463,19664,NC,M,2301,18.0,2282.0,908,980.0,62,42236,12,34,945.0,938,S1,-8.0,10.0
464,162228,California,F,0,13.33333333,2883.0,501,649.0,89,34012,25,28,532.0,588,U1,11.66666667,25.0
465,76578,IA,M,5602,8.615384615,637.0,379,407.0,0,12275,1,75,425.0,355,C2,0.38461538500000003,9.0
466,52740,TN,F,1604,7.604651163,273.0,138,163.0,0,7089,0,75,150.0,152,C3,0.39534883700000023,8.0
467,159174,California,F,1504,7.176470588,1709.0,368,454.0,13,14118,23,48,422.0,408,C2,2.823529412,10.0
468,156903,California,M,3901,3.214285714,2307.0,477,499.0,83,14345,13,58,478.0,490,U2,-0.21428571399999985,3.0
469,177926,OR,M,2604,9.866666667,691.0,263,360.0,2,12166,2,50,308.0,327,R2,5.1333333329999995,15.0
470,142057,NV,,904,11.6,2479.0,409,557.0,63,23023,7,10,456.0,500,T1,3.4000000000000004,15.0
471,175637,OR,M,4501,15.0,858.0,502,574.0,7,20867,6,52,505.0,555,S1,5.0,20.0
472,32096,FL,M,4501,13.0,351.0,205,254.0,0,8456,1,76,225.0,238,R3,3.0,16.0
473,26946,GA,F,7001,23.0,1672.0,722,770.0,17,29286,6,31,732.0,765,0,7.0,30.0
474,160863,California,J,0,8.222222222000001,1069.0,267,369.0,0,11849,11,59,320.0,318,C2,1.777777777999999,10.0
475,57162,KY,F,5501,11.5,463.0,249,298.0,0,11621,1,88,265.0,308,T2,8.5,20.0
476,12220,TN,M,5301,6.555555556,470.0,245,348.0,0,12519,0,73,273.0,314,T2,-1.5555555559999998,5.0
477,170563,California,F,3201,7.5,1248.0,289,379.0,1,17282,6,47,348.0,346,U3,-2.5,5.0
478,79389,WI,male,3101,10.14285714,492.0,316,339.0,0,12451,1,80,349.0,304,T2,0.8571428599999997,11.0
479,180752,WA,male,3901,6.166666667,2800.0,368,528.0,62,25386,9,34,438.0,500,C1,1.8333333329999997,8.0
480,82701,MN,F,6001,10.0,994.0,437,540.0,11,18133,4,72,488.0,491,S1,15.0,25.0
481,158506,California,F,5201,10.0,1654.0,159,313.0,20,8018,32,44,203.0,266,U3,5.0,15.0
482,84708,MN,F,3801,17.0,653.0,327,395.0,0,13079,0,25,364.0,350,T2,8.0,25.0
483,103543,MO,M,1908,9.214285713999999,402.0,162,241.0,0,9434,0,65,192.0,210,R3,1.785714286000001,11.0
484,164175,California,F,0,9.090909091,1914.0,351,437.0,46,18951,6,51,399.0,392,R2,5.909090909,15.0
485,145120,California,F,3707,12.54545455,5619.0,572,995.0,97,43978,6,33,942.0,649,U1,-2.5454545500000005,10.0
486,55358,MS,female,4808,15.83333333,426.0,139,156.0,2,4437,1,94,130.0,169,C3,14.16666667,30.0
487,26665,GA,M,0,7.375,670.0,268,383.0,3,13147,1,76,321.0,336,T3,22.625,30.0
488,42279,FL,F,3301,5.6,400.0,216,279.0,1,9840,4,36,242.0,247,T3,-0.5999999999999996,5.0
489,148354,California,,0,8.428571429,2206.0,574,562.0,72,12225,39,40,567.0,583,S1,-0.4285714289999998,8.0
490,123822,TN,F,0,7.6,535.0,269,375.0,1,14661,1,72,318.0,328,S1,2.4000000000000004,10.0
491,22038,NC,M,4401,9.95,444.0,222,291.0,1,10074,1,73,259.0,259,R3,0.05000000000000071,10.0
492,185024,MN,F,605,23.85294118,476.0,202,304.0,0,10581,2,80,274.0,236,R2,-15.852941179999998,8.0
493,129600,CO,F,3705,13.0,593.0,256,399.0,0,37734,7,55,298.0,336,U4,7.0,20.0
494,107613,California,M,0,3.25,2238.0,580,605.0,75,18247,9,50,602.0,587,R2,3.75,7.0
495,165302,California,,2207,11.08333333,2811.0,524,645.0,72,23861,8,60,577.0,599,C1,8.91666667,20.0
496,152990,California,F,6101,10.0,1775.0,445,469.0,14,15256,13,46,443.0,490,C2,10.0,20.0
497,88766,IL,M,4709,11.0,2549.0,715,839.0,69,28878,15,70,757.0,786,S1,4.0,15.0
498,4522,California,M,1402,16.09090909,2356.0,523,615.0,83,21871,8,49,560.0,560,S1,3.9090909099999998,20.0
499,32350,FL,M,1809,13.0,913.0,256,338.0,5,14424,7,16,289.0,309,R1,7.0,20.0
500,74774,AR,M,0,15.0,500.0,245,314.0,3,12271,1,81,308.0,304,C1,6.0,21.0
501,67475,MI,F,6201,5.222222222,687.0,111,172.0,0,6615,7,65,90.0,171,C3,-0.22222222200000008,5.0
502,104267,KS,M,0,4.4375,284.0,231,299.0,0,9838,0,83,258.0,269,R2,0.5625,5.0
503,131031,CO,F,604,8.105263158,678.0,155,306.0,0,8675,3,34,242.0,196,C2,9.894736842,18.0
504,158058,California,M,4307,7.6111111110000005,1685.0,430,540.0,16,15765,19,33,479.0,449,U3,-2.6111111110000005,5.0
505,181755,WA,F,0,5.0,1461.0,313,464.0,20,20659,7,31,342.0,411,C1,0.0,5.0
506,181412,WA,male,3301,5.0,538.0,227,308.0,1,10590,1,61,252.0,278,R2,0.0,5.0
507,185602,WI,F,0,9.533333333,400.0,232,315.0,0,10504,1,86,279.0,264,R2,0.46666666700000015,10.0
508,23603,SC,M,5801,12.5,824.0,348,400.0,0,14663,2,40,371.0,365,S2,12.5,25.0
509,112943,OK,F,3601,8.729166667000001,855.0,345,560.0,10,17869,2,64,384.0,508,T1,3.270833332999999,12.0
510,44853,FL,M,2912,10.64285714,578.0,246,323.0,0,14121,3,13,323.0,275,C3,1.3571428599999997,12.0
511,83094,MN,F,1211,13.6,699.0,246,319.0,0,11020,1,81,254.0,304,T2,6.4,20.0
512,148166,California,F,0,18.75,5372.0,673,892.0,97,44570,16,42,845.0,801,S1,1.25,20.0
513,101113,MO,F,5801,9.625,839.0,456,485.0,2,14713,1,65,465.0,475,C2,0.375,10.0
514,101889,MO,F,5111,13.5,662.0,424,456.0,0,13377,0,79,436.0,444,S2,2.5,16.0
515,58808,KY,F,1401,10.5,575.0,228,327.0,1,12600,0,72,299.0,261,T2,-0.5,10.0
516,85498,MN,F,0,5.909090909,281.0,176,235.0,0,7683,0,86,207.0,208,R3,4.090909091,10.0
517,153864,California,F,5201,9.888888889,3370.0,763,871.0,88,32072,16,33,824.0,824,S1,10.111111111,20.0
518,145496,California,M,5111,12.2,2803.0,555,620.0,88,17655,15,52,616.0,546,U1,9.8,22.0
519,27566,GA,M,0,15.0,601.0,249,306.0,1,11235,4,67,274.0,286,C3,15.0,30.0
520,38031,FL,M,5801,12.5,828.0,401,451.0,0,13716,31,31,396.0,451,S2,-2.5,10.0
521,130756,CO,,4701,15.0,2408.0,906,961.0,65,42897,5,25,952.0,924,T1,5.0,20.0
522,87281,MT,,0,7.3,445.0,192,275.0,0,9747,1,57,242.0,244,R2,0.7000000000000002,8.0
523,16863,NC,female,3301,15.0,951.0,307,487.0,11,17187,6,39,427.0,370,C1,35.0,50.0
524,20065,NC,,5301,20.85714286,722.0,327,371.0,0,13168,6,25,325.0,374,T2,19.14285714,40.0
525,142554,California,M,1601,13.75,1811.0,350,466.0,33,18591,12,52,405.0,440,U2,1.25,15.0
526,10789,MN,F,2309,5.290322581,534.0,284,351.0,0,11303,2,83,321.0,308,R2,-2.290322581,3.0
527,64224,IN,F,3811,12.83333333,866.0,443,472.0,3,10484,1,57,453.0,454,T1,7.16666667,20.0
528,6695,IL,M,6609,5.647058824,471.0,299,347.0,0,14658,0,87,334.0,303,C2,0.35294117599999986,6.0
529,139799,NM,F,5301,25.0,987.0,405,599.0,4,20940,8,42,544.0,490,T1,0.0,25.0
530,1254,TX,M,4801,25.0,1102.0,613,676.0,0,20557,4,46,639.0,648,S1,5.0,30.0
531,1549,California,M,1604,50.0,5863.0,1500,1150.0,98,174523,20,40,1500.0,1146,S1,0.0,50.0
532,2159,SD,F,1901,9.266666667,198.0,193,256.0,0,8898,1,48,211.0,237,R2,-0.26666666700000086,9.0
533,80903,WI,male,6206,6.318181817999999,658.0,305,376.0,3,13284,0,74,318.0,353,T1,8.681818182,15.0
534,186731,FL,F,3407,11.125,512.0,175,236.0,0,12221,14,11,198.0,208,0,3.875,15.0
535,67342,MI,M,1312,11.28571429,886.0,367,497.0,9,17984,6,74,458.0,433,S2,18.71428571,30.0
536,30366,OK,M,3601,5.1875,1429.0,724,813.0,12,34070,4,48,759.0,755,C1,0.8125,6.0
537,64441,IN,M,5401,5.428571429,386.0,258,358.0,1,12513,0,75,301.0,313,R3,4.571428571,10.0
538,175155,OR,F,4801,10.0,740.0,211,312.0,3,12165,3,46,259.0,257,R2,11.0,21.0
539,82015,WI,F,2812,10.91666667,543.0,306,337.0,0,11140,0,94,314.0,321,R2,7.08333333,18.0
540,170912,California,M,4401,15.0,1896.0,502,555.0,45,17405,6,56,511.0,548,S1,5.0,20.0
541,183055,WA,F,3704,7.875,876.0,337,439.0,3,15017,4,37,353.0,403,S2,2.125,10.0
542,134032,UT,F,0,15.0,575.0,305,368.0,0,9906,1,80,349.0,326,R2,-5.0,10.0
543,186573,WI,F,0,7.692307692000001,900.0,488,563.0,2,18369,1,84,524.0,537,T2,-4.692307692000001,3.0
544,37299,FL,F,5502,9.888888889,1171.0,272,383.0,4,14539,17,15,323.0,329,C2,5.111111111,15.0
545,165746,California,M,703,4.75,1429.0,492,508.0,1,14106,15,48,497.0,507,C2,5.25,10.0
546,189520,California,M,1902,13.72727273,4143.0,617,755.0,97,25985,9,59,690.0,704,S1,6.272727270000001,20.0
547,26579,GA,F,4301,7.785714286,858.0,388,494.0,7,19457,0,75,418.0,429,T2,2.214285714,10.0
548,109583,LA,F,4501,4.0,582.0,301,354.0,1,11139,0,80,325.0,321,T2,1.0,5.0
549,40341,FL,F,2401,10.0,902.0,410,461.0,4,15332,13,28,413.0,460,S2,5.0,15.0
550,111615,AR,Female,5306,12.33333333,356.0,229,225.0,0,8075,0,85,236.0,219,C3,12.66666667,25.0
551,93397,IL,F,0,20.0,582.0,288,279.0,0,8165,0,75,288.0,286,U3,0.0,20.0
552,5881,California,M,1701,13.25,2469.0,340,522.0,71,23188,5,54,411.0,475,U1,-1.25,12.0
553,93184,IL,F,1708,5.4375,0.0,315,581.0,0,34143,5,46,423.0,417,U1,4.5625,10.0
554,9946,IL,F,2605,7.764705882,1107.0,428,497.0,0,15788,4,80,476.0,432,U2,-2.7647058820000003,5.0
555,46671,AL,Male,5701,9.818181818,746.0,366,433.0,1,13901,1,73,409.0,399,T1,0.18181818200000066,10.0
556,172750,California,M,5401,18.66666667,967.0,300,412.0,11,13399,6,58,348.0,342,C2,6.3333333299999985,25.0
557,22264,NC,M,3001,22.5,1250.0,319,540.0,8,25660,3,33,411.0,429,C1,-12.5,10.0
558,56479,KY,F,2601,3.3125,139.0,63,137.0,0,5159,0,77,106.0,92,U4,0.6875,4.0
559,164372,California,M,5501,14.0,1861.0,402,527.0,38,22794,12,49,499.0,461,S1,11.0,25.0
560,5140,California,M,2201,6.147058824,3247.0,653,732.0,94,24693,5,63,666.0,722,S1,0.8529411759999999,7.0
561,32198,FL,F,4401,7.5,1146.0,384,504.0,20,24850,10,9,435.0,447,C1,1.5,9.0
562,113607,OK,F,0,9.333333332999999,415.0,212,325.0,1,11659,1,71,262.0,281,T2,5.666666667000001,15.0
563,19499,NC,female,0,22.5,854.0,382,419.0,3,14002,3,52,407.0,406,C1,-2.5,20.0
564,73028,MI,M,4704,8.833333332999999,496.0,301,372.0,0,11714,2,84,317.0,351,R2,0.1666666670000012,9.0
565,35553,FL,F,0,10.66666667,726.0,302,363.0,0,12484,5,33,334.0,326,S2,9.33333333,20.0
566,35463,FL,M,3701,20.0,1028.0,394,584.0,19,25787,3,31,493.0,483,C1,10.0,30.0
567,91591,IL,M,0,9.857142857000001,1464.0,256,457.0,23,22015,9,84,413.0,294,C1,0.14285714299999874,10.0
568,109099,LA,F,5701,6.428571429,719.0,313,391.0,2,12333,0,84,337.0,373,T2,-0.4285714289999998,6.0
569,174182,HI,F,3201,20.0,3063.0,337,506.0,78,21051,22,41,429.0,418,U1,0.0,20.0
570,183722,WA,F,4808,12.2,684.0,280,355.0,1,11763,2,57,311.0,326,R2,7.800000000000001,20.0
571,98374,IL,F,2008,6.2173913039999995,376.0,268,344.0,0,11979,0,86,339.0,304,C2,8.782608696,15.0
572,126681,TX,F,3911,9.733333333,927.0,386,484.0,5,16777,2,57,417.0,448,R2,5.266666667000001,15.0
573,147936,California,M,901,5.466666667,3511.0,373,491.0,92,23187,44,25,452.0,421,U1,-0.46666666700000015,5.0
574,152133,California,F,0,21.66666667,1185.0,354,383.0,0,11061,16,48,373.0,369,S3,-16.66666667,5.0
575,57929,KY,F,3503,8.307692308,453.0,215,302.0,1,9722,0,82,260.0,266,R3,1.692307692,10.0
576,15697,NC,U,0,14.0,535.0,283,336.0,1,12206,3,77,307.0,306,R2,6.0,20.0
577,92814,IL,F,6401,10.0,747.0,458,503.0,0,14965,13,63,489.0,475,U1,15.0,25.0
578,98282,IL,M,3505,10.6,439.0,362,404.0,0,13570,1,89,388.0,371,R2,4.4,15.0
579,27798,GA,F,4301,11.21428571,935.0,419,541.0,8,16922,1,61,439.0,510,T2,-1.2142857100000004,10.0
580,45503,FL,M,3709,5.133333333,616.0,212,282.0,1,11912,5,16,234.0,248,C3,-0.1333333330000004,5.0
581,6006,CO,F,1602,85.0,947.0,300,469.0,3,17986,2,43,360.0,342,C1,15.0,100.0
582,138182,AZ,Female,2911,6.0,572.0,204,253.0,1,10858,7,36,242.0,238,C2,-1.0,5.0
583,144714,California,F,0,13.0,5014.0,756,770.0,98,31694,6,55,664.0,765,S1,3.0,16.0
584,10001,IL,M,5508,11.22222222,675.0,278,409.0,0,22221,0,65,298.0,341,C1,4.777777779999999,16.0
585,157860,California,M,5701,4.285714286,3663.0,749,818.0,87,27400,14,52,777.0,784,S1,-0.28571428600000015,4.0
586,58351,KY,M,2801,7.75,269.0,224,284.0,0,8172,0,77,256.0,250,R3,1.25,9.0
587,97552,IL,F,2801,14.0,226.0,183,263.0,0,8763,1,54,288.0,228,C3,36.0,50.0
588,85920,SD,M,0,9.777777777999999,278.0,199,270.0,0,9994,1,80,244.0,238,0,10.222222222000001,20.0
589,29401,GA,M,3410,10.33333333,471.0,282,298.0,0,9015,1,77,307.0,273,T2,4.66666667,15.0
590,12715,AL,Male,1201,15.0,604.0,314,327.0,0,16211,0,68,337.0,304,C1,0.0,15.0
591,90031,IL,F,1601,3.722222222,1219.0,417,540.0,2,21371,11,71,472.0,494,C1,-0.7222222220000001,3.0
592,55442,MS,M,2504,9.166666667000001,382.0,142,240.0,0,9374,1,89,181.0,205,R3,15.833333332999999,25.0
593,105984,KS,F,5711,12.16666667,1699.0,462,787.0,35,35636,6,47,657.0,581,S1,-2.1666666699999997,10.0
594,188035,AZ,,0,11.5,1165.0,489,539.0,9,19234,6,18,514.0,519,S1,11.5,23.0
595,101665,MO,F,7308,4.069767442,803.0,413,473.0,0,15002,1,58,429.0,447,T2,0.9302325580000002,5.0
596,70774,MI,F,5601,3.7,394.0,229,308.0,0,9859,0,92,293.0,264,R2,0.2999999999999998,4.0
597,23263,SC,F,3304,19.6,490.0,328,373.0,0,11313,2,76,341.0,336,R2,10.399999999999999,30.0
598,166475,California,U,4201,12.5,949.0,264,411.0,1,12784,10,52,371.0,321,C1,-2.5,10.0
599,83042,MN,M,4005,17.85714286,849.0,344,428.0,0,12940,1,77,368.0,398,T2,-7.85714286,10.0
600,149970,California,F,0,15.0,1372.0,385,449.0,8,13902,15,58,419.0,421,S2,0.0,15.0
601,13863,TX,F,3001,6.933333332999999,358.0,307,379.0,0,12507,2,78,325.0,342,R2,-0.9333333329999993,6.0
602,64074,IN,F,0,15.0,325.0,144,190.0,0,4578,0,68,231.0,178,C3,-5.0,10.0
603,42096,FL,F,0,20.0,355.0,208,244.0,0,9881,5,34,224.0,229,C3,0.0,20.0
604,169188,California,F,0,7.0,713.0,176,321.0,3,11467,1,68,259.0,267,R2,3.0,10.0
605,18609,NC,female,4901,14.0,1208.0,439,587.0,20,19955,2,60,494.0,516,T1,-4.0,10.0
606,109536,LA,M,3401,7.291666667,550.0,294,319.0,1,9540,0,71,313.0,303,T2,-0.2916666670000003,7.0
607,9348,OK,M,1401,11.68181818,450.0,378,432.0,0,15711,0,57,391.0,391,T1,-1.6818181800000005,10.0
608,136790,AZ,M,2001,4.0,1460.0,629,663.0,10,21821,6,29,633.0,659,S1,1.0,5.0
609,71332,MI,M,3601,7.3125,478.0,316,374.0,0,11298,0,92,337.0,352,R2,-0.3125,7.0
610,135430,AZ,Female,3408,12.14285714,1165.0,489,539.0,9,19234,6,18,514.0,519,S1,12.85714286,25.0
611,124484,TX,F,0,8.25,846.0,330,513.0,5,16752,5,64,459.0,399,T1,-0.25,8.0
612,184098,WA,F,0,7.666666667,694.0,319,362.0,0,11517,9,54,321.0,342,C3,1.3333333329999997,9.0
613,144850,California,F,4301,5.428571429,4183.0,631,738.0,97,29875,39,21,704.0,671,0,-0.4285714289999998,5.0
614,188519,IN,F,2401,8.0,744.0,396,492.0,0,15863,2,68,457.0,432,S1,-3.0,5.0
615,164367,California,F,0,11.75,875.0,280,398.0,0,18252,4,38,330.0,326,S1,8.25,20.0
616,75992,IA,F,5601,7.8,354.0,222,269.0,0,9579,2,65,248.0,253,S3,0.20000000000000018,8.0
617,34957,FL,F,2401,20.0,1675.0,336,568.0,36,25558,10,19,505.0,441,C1,-10.0,10.0
618,110094,LA,F,5305,10.0,421.0,194,247.0,0,7421,0,85,233.0,202,C3,8.0,18.0
619,121590,TX,F,6410,10.73684211,782.0,524,545.0,0,14635,29,35,469.0,565,U1,-0.7368421099999996,10.0
620,140652,NM,F,3101,20.0,574.0,212,300.0,2,10315,2,56,268.0,256,R2,0.0,20.0
621,134319,UT,F,0,12.0,742.0,246,393.0,0,14377,1,56,361.0,287,S1,1.0,13.0
622,27921,GA,F,0,11.25,1067.0,481,580.0,5,17607,5,33,529.0,534,T1,2.75,14.0
623,29373,GA,F,5401,14.88888889,860.0,468,507.0,0,15986,1,65,490.0,464,T1,5.1111111099999995,20.0
624,130684,AL,,0,4.5,1175.0,586,662.0,8,22215,4,38,619.0,626,T1,1.5,6.0
625,190920,California,M,0,22.0,916.0,242,369.0,5,10719,19,51,321.0,293,S2,-2.0,20.0
626,187259,California,F,0,15.0,4259.0,435,661.0,95,31730,16,34,498.0,573,S1,0.0,15.0
627,45666,FL,F,4001,5.6,566.0,218,272.0,0,11438,9,8,242.0,249,C3,-0.5999999999999996,5.0
628,21335,NC,M,0,6.923076922999999,525.0,333,399.0,1,12885,0,86,346.0,364,T2,3.076923077000001,10.0
629,160424,California,M,3201,14.25,1582.0,299,359.0,21,12976,12,58,335.0,330,T2,5.75,20.0
630,2194,FL,M,6008,4.066666667,1006.0,282,452.0,6,19466,5,21,398.0,383,0,-0.06666666699999979,4.0
631,53151,TN,M,0,20.0,345.0,159,277.0,0,9775,0,85,197.0,233,R3,20.0,40.0
632,126069,TX,F,903,5.08,362.0,204,262.0,0,7285,2,94,216.0,246,R2,-0.08000000000000007,5.0
633,176292,OR,M,0,9.0,431.0,213,266.0,0,10611,2,53,260.0,242,C3,16.0,25.0
634,151518,California,F,4401,12.5,2457.0,381,531.0,69,17557,5,52,445.0,472,T2,2.5,15.0
635,173872,HI,F,0,15.0,2789.0,463,551.0,82,22012,8,54,488.0,524,S1,0.0,15.0
636,117726,TX,F,0,8.666666667000001,385.0,185,348.0,1,11857,2,83,231.0,288,R3,1.3333333329999988,10.0
637,18948,NC,J,5601,13.4,1136.0,505,579.0,6,19283,0,65,512.0,553,S1,3.5999999999999996,17.0
638,7330,IL,F,2007,4.416666667,623.0,255,285.0,3,11108,7,77,294.0,283,T2,1.5833333329999997,6.0
639,160576,California,M,4012,9.75,5470.0,661,778.0,98,35092,15,47,664.0,781,T1,5.25,15.0
640,72190,MI,M,1312,5.739130435,673.0,354,438.0,0,14995,4,79,394.0,406,T1,7.260869565,13.0
641,13292,KY,F,0,6.357142857,582.0,254,364.0,0,12981,0,75,359.0,297,T2,3.6428571429999996,10.0
642,13551,California,F,6201,28.92307692,4392.0,516,549.0,98,21857,11,57,539.0,509,0,-18.92307692,10.0
643,170935,California,F,0,10.66666667,1468.0,365,371.0,18,13469,4,68,363.0,361,R2,-0.6666666699999997,10.0
644,126888,TX,M,5601,20.0,764.0,320,406.0,1,11242,1,77,363.0,377,T2,0.0,20.0
645,170215,California,F,2001,4.454545455,1274.0,405,439.0,9,12537,9,67,462.0,404,T2,3.545454545,8.0
646,168574,California,M,0,27.5,1749.0,234,327.0,21,14571,15,49,281.0,291,U3,72.5,100.0
647,90482,IL,M,5003,11.125,1509.0,545,680.0,19,23170,7,75,617.0,599,C1,8.875,20.0
648,18896,NC,M,3501,11.6,816.0,357,458.0,5,17434,0,76,384.0,413,T2,8.4,20.0
649,161335,California,F,2601,6.1111111110000005,905.0,223,263.0,3,8614,6,57,241.0,244,R2,7.8088888889999994,13.92
650,82141,MN,F,3801,8.5,1027.0,444,475.0,0,14926,1,69,451.0,475,S2,1.5,10.0
651,187659,TN,F,0,9.0,871.0,464,539.0,0,18279,3,47,501.0,503,T2,6.0,15.0
652,143523,California,F,1901,3.7058823530000002,2833.0,207,278.0,77,15398,60,12,172.0,282,U2,-0.7058823530000002,3.0
653,64442,IN,M,5201,8.0,428.0,240,324.0,0,10020,0,78,319.0,268,R2,0.0,8.0
654,151902,California,M,5001,7.285714286,1088.0,278,380.0,19,15011,18,35,308.0,335,C2,2.714285714,10.0
655,140027,NM,F,0,17.09090909,1304.0,205,330.0,19,19336,4,24,222.0,288,T2,7.90909091,25.0
656,147636,California,M,1601,4.272727273,1859.0,420,461.0,34,12512,22,41,407.0,465,S2,6.727272727,11.0
657,85010,MN,M,4406,5.954545455,595.0,339,386.0,0,11471,0,84,363.0,363,T2,3.045454545,9.0
658,12454,IL,M,0,9.0,3017.0,740,985.0,90,62084,12,70,962.0,867,S1,6.0,15.0
659,118166,TX,F,0,13.33333333,396.0,195,287.0,1,9318,3,82,249.0,246,R2,-3.3333333300000003,10.0
660,64165,AZ,Female,6401,7.8,594.0,155,228.0,0,7939,9,42,186.0,206,T2,12.2,20.0
661,191663,OR,M,2708,9.307692308,538.0,121,222.0,0,9299,6,31,173.0,169,S1,0.692307692,10.0
662,111021,AR,Female,0,12.5,332.0,170,269.0,0,8725,1,57,222.0,233,R3,-2.5,10.0
663,169280,California,F,7001,8.333333332999999,1875.0,68,138.0,0,9127,0,6,138.0,96,S2,1.6666666670000012,10.0
664,138590,Arizona,feamale,5307,12.0,1094.0,463,543.0,5,16974,2,30,486.0,517,S1,18.0,30.0
665,123386,TX,M,4201,17.4,386.0,213,327.0,0,10988,9,68,287.0,275,R2,4.600000000000001,22.0
666,121759,TX,M,5601,12.4,1565.0,713,905.0,28,39534,1,40,741.0,838,C1,7.6,20.0
667,73534,MI,M,3301,5.1,246.0,161,226.0,0,7228,0,76,174.0,205,R3,0.9000000000000004,6.0
668,168423,California,F,0,20.0,3325.0,597,600.0,96,18694,29,37,603.0,611,U1,5.0,25.0
669,169605,California,,0,6.666666667,1185.0,338,445.0,3,14193,4,65,368.0,402,C3,0.3333333329999997,7.0
670,157573,California,,0,40.75,2438.0,540,687.0,84,30429,7,39,672.0,588,S1,6.25,47.0
671,23706,SC,M,0,12.5,728.0,172,252.0,7,8494,1,76,188.0,230,R2,2.5,15.0
672,21855,NC,female,0,20.0,824.0,285,356.0,3,13339,2,59,305.0,333,R2,0.0,20.0
673,148511,California,F,0,11.75,3231.0,339,627.0,92,22508,18,39,536.0,444,S1,8.25,20.0
674,3579,California,M,6001,15.33333333,3937.0,450,680.0,93,29888,12,40,581.0,578,T1,2.6666666699999997,18.0
675,542,WI,male,0,6.285714286,535.0,192,374.0,2,11878,1,81,303.0,263,T2,3.714285714,10.0
676,92079,IL,M,1503,12.30769231,1008.0,450,540.0,1,19493,8,64,496.0,463,S1,2.69230769,15.0
677,50967,TN,F,2401,10.0,848.0,466,527.0,0,21110,2,41,488.0,509,S1,5.0,15.0
678,160997,California,M,0,5.75,1158.0,369,386.0,3,11592,3,64,398.0,373,R2,4.25,10.0
679,121718,TX,M,2101,17.5,1139.0,303,633.0,0,19525,16,30,566.0,455,C1,12.5,30.0
680,68807,TX,F,0,9.0,3741.0,1376,1183.0,96,57103,8,25,1469.0,1157,S1,6.0,15.0
681,155045,TX,M,0,8.0,468.0,254,337.0,1,11472,5,71,295.0,306,R3,2.0,10.0
682,146703,California,,0,12.5,675.0,172,405.0,2,17897,12,6,379.0,242,C3,2.5,15.0
683,81298,WI,J,4612,9.689655172,533.0,324,348.0,0,12238,0,87,336.0,337,C2,0.31034482799999985,10.0
684,172301,California,M,2301,12.75,1486.0,361,528.0,14,17774,7,46,406.0,489,U1,10.25,23.0
685,92241,IL,M,3312,7.619047619,1250.0,537,598.0,12,17954,5,78,576.0,572,C1,12.380952381,20.0
686,116930,TX,F,2207,11.9,3760.0,705,862.0,91,47863,2,71,761.0,800,U1,8.1,20.0
687,20338,NC,M,2301,8.636363636,1991.0,478,692.0,50,34641,5,25,538.0,615,C1,3.8636363639999995,12.5
688,177113,OR,F,0,10.0,404.0,199,293.0,0,10342,1,56,258.0,250,R3,4.0,14.0
689,46687,AL,F,0,5.115384615,413.0,72,246.0,0,7241,0,88,306.0,132,T2,4.884615385,10.0
690,171137,California,M,2607,11.46153846,2094.0,600,654.0,54,22914,3,66,606.0,639,T1,2.53846154,14.0
691,2499,IN,F,0,5.642857143,818.0,302,444.0,3,15112,1,69,397.0,345,T2,-0.6428571429999996,5.0
692,149644,California,F,0,20.0,3206.0,313,465.0,91,18730,17,42,399.0,383,U1,0.0,20.0
693,18584,NC,female,2211,10.6,671.0,261,346.0,1,13238,0,80,325.0,307,C2,1.4000000000000004,12.0
694,186486,California,F,0,5.5,5045.0,604,797.0,95,42488,11,41,663.0,703,U1,-2.5,3.0
695,148544,California,F,3908,13.6,4286.0,811,947.0,95,33614,24,41,910.0,883,S1,-3.5999999999999996,10.0
696,17217,NC,M,3001,6.705882353,621.0,300,351.0,0,10470,0,86,342.0,299,R2,3.294117647,10.0
697,111833,AR,Female,0,5.0,377.0,173,261.0,0,8169,0,75,212.0,225,T3,0.0,5.0
698,158245,CA,M,0,4.5,1993.0,442,520.0,49,16427,15,53,472.0,484,S3,0.5,5.0
699,179776,WA,F,3102,14.0,1493.0,248,293.0,11,16982,5,54,240.0,317,S1,-4.0,10.0
700,165102,CA,M,2201,25.0,2973.0,614,721.0,82,30483,6,51,674.0,656,S1,0.0,25.0
701,95341,IL,F,0,21.09090909,1028.0,208,263.0,0,10716,1,76,234.0,220,T2,-11.09090909,10.0
702,166375,CA,F,2901,7.0,3373.0,546,752.0,93,32474,11,50,670.0,633,S1,4.0,11.0
703,69577,MI,M,6001,7.2,973.0,506,571.0,7,17806,1,81,521.0,549,R2,0.7999999999999998,8.0
704,29785,GA,F,2501,12.5,505.0,185,276.0,0,9368,0,70,236.0,227,C2,2.5,15.0
705,188279,MI,M,3501,8.666666667000001,524.0,259,353.0,0,12714,8,72,296.0,276,S2,1.3333333329999988,10.0
706,150970,CA,F,4601,20.0,1851.0,472,563.0,39,17217,31,52,531.0,530,U2,0.0,20.0
707,77799,WI,male,3703,6.818181817999999,923.0,373,497.0,0,16271,3,80,481.0,402,S1,3.1818181820000007,10.0
708,90694,IL,F,1501,19.4,1401.0,420,508.0,9,17973,3,70,474.0,466,U1,10.600000000000001,30.0
709,173508,HI,M,0,15.0,3952.0,696,786.0,96,24913,8,73,715.0,774,S1,10.0,25.0
710,102775,ID,F,0,16.45454546,1250.0,367,478.0,16,19095,3,34,430.0,404,R2,3.5454545400000015,20.0
711,117255,TX,F,1701,8.714285713999999,740.0,388,569.0,7,22630,4,64,422.0,487,U1,1.285714286000001,10.0
712,145392,CA,U,3102,8.272727273,3570.0,471,628.0,91,19152,32,45,561.0,561,S1,6.727272727000001,15.0
713,185052,TX,M,5001,89.44444444,2442.0,641,931.0,75,38212,2,48,993.0,764,U1,10.555555560000002,100.0
714,179423,WA,F,1501,20.0,1654.0,305,457.0,29,18438,10,40,343.0,377,U1,0.0,20.0
715,6304,KS,M,1202,12.05555556,500.0,272,451.0,0,30968,0,35,438.0,381,R2,7.94444444,20.0
716,3631,OR,M,0,13.11111111,642.0,323,384.0,0,14420,3,58,355.0,356,S2,-0.11111110999999951,13.0
717,78199,WI,male,4610,9.7,0.0,0,0.0,0,0,0,0,0.0,0,C1,5.300000000000001,15.0
718,128496,TX,M,0,8.666666667000001,430.0,210,311.0,1,11608,1,78,256.0,264,T3,-2.666666667000001,6.0
719,1292,FL,M,5001,7.6,692.0,203,304.0,1,14602,6,3,266.0,249,C2,7.4,15.0
720,114676,OK,,5201,15.33333333,1062.0,486,584.0,4,17908,2,60,550.0,555,T1,4.66666667,20.0
721,93065,IL,M,0,9.5625,1375.0,353,475.0,0,16388,9,53,383.0,362,U1,0.4375,10.0
722,125181,TX,F,1201,7.5,2469.0,346,835.0,61,47151,4,64,767.0,559,S1,0.5,8.0
723,157204,CA,F,4204,13.14285714,2400.0,451,569.0,70,17470,15,50,526.0,481,U1,6.85714286,20.0
724,69445,MI,M,5701,20.0,1472.0,532,634.0,18,20135,3,83,580.0,583,T1,-10.0,10.0
725,14370,FL,F,4306,4.5,637.0,339,411.0,0,13370,1,56,394.0,380,S2,0.5,5.0
726,10092,NV,M,3106,9.428571429,1557.0,290,361.0,17,13837,5,6,311.0,342,T2,0.5714285710000002,10.0
727,58883,TX,F,0,7.833333333,1072.0,529,663.0,1,26712,0,42,647.0,579,R3,-2.8333333329999997,5.0
728,99136,IL,M,1701,11.4,326.0,184,292.0,0,11372,0,79,256.0,242,T2,0.5999999999999996,12.0
729,187142,CA,M,1307,18.05882353,1277.0,220,285.0,5,9182,31,36,245.0,274,C3,5.9411764699999985,24.0
730,53893,TN,M,3201,25.0,593.0,367,446.0,0,14435,0,81,458.0,375,T2,0.0,25.0
731,161980,CA,M,0,4.1111111110000005,3197.0,296,380.0,95,13818,41,33,347.0,328,S1,-0.11111111100000048,4.0
732,23027,SC,M,3108,14.88888889,685.0,435,441.0,0,14810,7,72,465.0,425,S1,0.11111110999999951,15.0
733,128963,TX,M,2601,7.778333333,458.0,199,268.0,0,7438,28,53,238.0,250,C3,2.221666667,10.0
734,7917,CA,M,6001,4.814814815,5332.0,522,744.0,98,35022,35,27,546.0,677,U1,-1.814814815,3.0
735,190562,FL,F,1801,5.9375,695.0,283,377.0,2,13044,0,41,305.0,337,0,4.0625,10.0
736,168234,CA,F,0,23.0,3514.0,531,833.0,96,38075,13,50,682.0,625,U1,0.0,23.0
737,41089,FL,F,2112,7.083333333,883.0,374,466.0,1,19246,5,23,421.0,417,C2,-2.0833333329999997,5.0
738,174803,OR,M,4307,7.894736842,672.0,366,455.0,1,15505,0,53,383.0,422,T1,2.1052631579999996,10.0
739,162208,CA,M,2001,9.846153846,5791.0,782,867.0,98,34593,10,46,835.0,814,S1,0.153846154,10.0
740,113045,OK,,0,16.66666667,699.0,393,487.0,0,14925,2,61,477.0,430,T2,8.333333329999999,25.0
741,182105,WA,F,3104,11.28571429,877.0,415,459.0,1,14758,3,59,430.0,446,S2,-1.2857142899999996,10.0
742,19323,NC,M,2401,31.75,740.0,279,398.0,1,12653,3,38,295.0,358,R1,-14.879999999999999,16.87
743,124683,TX,M,2401,7.0,1074.0,481,590.0,10,18586,5,74,504.0,560,T1,5.0,12.0
744,25641,GA,M,2410,9.4,685.0,409,463.0,0,12546,1,71,422.0,436,S2,0.5999999999999996,10.0
745,165440,CA,F,6209,9.4,1403.0,419,505.0,2,20395,16,53,430.0,480,C2,10.6,20.0
746,124395,TX,M,1907,8.888888889,838.0,337,496.0,4,18277,0,88,366.0,441,T2,11.111111111,20.0
747,73504,MI,F,3902,13.85714286,460.0,237,315.0,1,10728,1,82,279.0,281,R2,6.14285714,20.0
748,188439,CA,F,0,9.118235294,1578.0,306,337.0,12,7046,50,33,304.0,342,0,4.881764706,14.0
749,187518,TX,F,0,14.5,944.0,438,532.0,2,17306,1,48,509.0,492,S1,1.5,16.0
750,24212,SC,M,4401,6.25,2817.0,767,917.0,84,39319,0,53,863.0,866,T2,-0.25,6.0
751,21386,NC,female,5701,7.833333333,498.0,243,326.0,1,11462,0,86,284.0,285,T2,2.1666666670000003,10.0
752,110291,LA,M,0,9.47125,0.0,0,0.0,0,0,0,0,0.0,0,C3,2.5287500000000005,12.0
753,44828,MI,M,2401,6.857142857,395.0,189,252.0,0,8510,1,86,242.0,215,R3,-0.8571428570000004,6.0
754,45008,FL,F,4605,10.9,651.0,271,325.0,0,11919,10,29,287.0,303,U3,-0.9000000000000004,10.0
755,55484,MS,M,0,12.75,366.0,132,229.0,0,6873,1,85,182.0,196,R3,12.25,25.0
756,149429,CA,F,1212,5.484848485,2280.0,353,467.0,69,16726,34,37,397.0,419,U3,4.515151515,10.0
757,48455,AL,Male,0,6.333333333,387.0,203,281.0,0,9654,0,78,252.0,244,R3,1.6666666670000003,8.0
758,28621,GA,F,1401,14.0,550.0,144,253.0,2,10249,6,63,211.0,206,S1,11.0,25.0
759,131467,CO,F,0,4.090909091,660.0,183,251.0,1,11152,6,37,188.0,235,C2,-2.0909090910000003,2.0
760,160579,CA,F,0,9.540540541,3531.0,506,626.0,92,23233,10,51,554.0,581,T1,-0.5405405410000004,9.0
761,20533,NC,M,4801,15.75,738.0,313,411.0,8,14070,2,61,350.0,372,T1,9.25,25.0
762,29103,GA,F,2801,5.8125,718.0,206,295.0,5,11129,1,62,256.0,254,R2,5.1875,11.0
763,122350,TX,M,0,21.63636364,469.0,223,270.0,0,8518,1,67,250.0,241,0,3.363636360000001,25.0
764,191547,NE,F,1701,21.85,318.0,216,265.0,0,8799,4,25,250.0,240,0,-6.850000000000001,15.0
765,4544,CA,M,0,19.73684211,5132.0,655,826.0,96,38854,19,39,757.0,721,U1,0.2631578899999987,20.0
766,140808,NV,F,0,17.83333333,1181.0,451,521.0,5,17987,9,18,466.0,494,S1,7.1666666700000015,25.0
767,76625,IA,M,1001,5.0,386.0,232,313.0,0,9987,1,84,276.0,274,C3,1.0,6.0
768,57349,KY,F,6601,6.0,685.0,288,379.0,0,15832,3,65,405.0,320,C2,1.0,7.0
769,27366,GA,M,1705,6.380952381,756.0,334,421.0,0,15669,0,82,334.0,426,R2,9.619047619,16.0
770,100146,MO,M,2308,19.28571429,464.0,256,322.0,0,10907,3,79,310.0,283,S3,5.714285709999999,25.0
771,11991,LA,M,0,17.0,0.0,0,0.0,0,0,0,0,0.0,0,C3,8.0,25.0
772,27736,GA,F,5101,7.285714286,1245.0,618,705.0,5,21467,1,38,634.0,687,C1,0.7142857139999998,8.0
773,114873,OK,U,0,7.53125,553.0,176,275.0,2,10891,2,50,220.0,235,R2,2.46875,10.0
774,156997,CA,F,0,20.0,1869.0,358,359.0,31,15739,15,47,358.0,344,U2,5.0,25.0
775,80646,WI,male,2410,3.5555555560000003,360.0,198,269.0,0,8452,0,84,217.0,248,R3,0.4444444439999997,4.0
776,190837,WI,F,901,8.125,432.0,203,323.0,0,9769,1,85,300.0,226,C3,2.875,11.0
777,18322,NC,M,2401,7.375,807.0,329,422.0,4,16724,4,66,374.0,390,R1,2.625,10.0
778,118819,TX,F,0,12.33333333,786.0,421,453.0,0,12335,0,63,460.0,393,C1,7.66666667,20.0
779,14233,WY,male,5301,18.33333333,307.0,184,341.0,0,10860,1,44,264.0,247,C2,6.6666666700000015,25.0
780,142163,NV,M,0,8.833333332999999,1270.0,447,472.0,5,15652,2,36,419.0,476,T2,3.166666667000001,12.0
781,149757,CA,F,0,13.0,4167.0,213,279.0,78,11264,0,64,376.0,224,U2,9.0,22.0
782,49650,AL,Male,5201,9.777777777999999,472.0,166,302.0,2,8760,0,90,218.0,257,R2,0.22222222200000097,10.0
783,61191,IN,F,1901,6.578947368,472.0,305,322.0,0,11371,4,64,308.0,306,C3,3.4210526320000003,10.0
784,23491,SC,M,4001,9.166666667000001,824.0,348,400.0,0,14663,2,40,371.0,365,S2,0.8333333329999988,10.0
785,87127,MT,female,2101,10.0,862.0,248,432.0,0,21284,5,49,359.0,357,C2,0.0,10.0
786,263,SC,,2001,11.625,2156.0,331,401.0,56,24742,0,11,319.0,419,T1,-1.625,10.0
787,137962,AZ,M,3510,9.666666667000001,906.0,396,485.0,3,20138,10,21,417.0,443,S1,0.3333333329999988,10.0
788,21746,NC,female,4801,10.36363636,481.0,162,247.0,0,10228,0,75,204.0,212,R3,-0.3636363599999992,10.0
789,140632,NM,F,2901,14.2,560.0,259,345.0,0,11660,4,19,333.0,295,T2,5.800000000000001,20.0
790,20773,NC,M,0,4.909090909,475.0,136,245.0,1,8676,1,74,186.0,201,R2,0.09090909100000033,5.0
791,81006,WI,F,2307,5.0,567.0,149,223.0,2,7817,1,75,158.0,210,R2,1.0,6.0
792,135060,AZ,Female,0,12.5,1654.0,439,652.0,40,23572,6,36,545.0,536,U1,7.5,20.0
793,86626,ND,M,4901,3.4,799.0,325,506.0,2,17372,1,79,400.0,421,C1,2.6,6.0
794,173039,CA,F,0,23.11111111,574.0,223,263.0,0,8735,5,70,243.0,241,R3,26.88888889,50.0
795,105660,KS,M,0,9.0,430.0,236,388.0,0,13227,1,75,333.0,314,R2,-4.0,5.0
796,35935,FL,M,1101,10.66666667,711.0,266,363.0,1,13120,13,12,351.0,305,S2,10.33333333,21.0
797,31746,FL,M,2802,8.333333332999999,576.0,326,339.0,0,11310,1,61,326.0,353,T2,-2.333333332999999,6.0
798,71491,MI,F,0,17.5,786.0,381,479.0,1,16368,3,70,443.0,422,C2,7.5,25.0
799,188666,FL,M,0,14.77777778,710.0,387,494.0,6,15917,2,44,446.0,442,S1,10.22222222,25.0
800,135016,AZ,Female,5212,7.5,433.0,194,183.0,0,5088,29,50,183.0,196,C3,6.5,14.0
801,175283,OR,F,4501,42.08333333,1027.0,447,633.0,2,25039,5,46,584.0,520,S1,7.916666669999998,50.0
802,69983,MI,M,1305,7.5625,475.0,239,319.0,0,10528,1,91,295.0,291,R2,3.4375,11.0
803,42291,FL,M,0,10.52631579,568.0,221,328.0,2,14886,2,34,256.0,273,R2,4.47368421,15.0
804,160869,CA,M,1502,4.15,1035.0,328,313.0,1,9472,7,55,339.0,298,C2,-0.15000000000000036,4.0
805,28003,IL,F,0,9.2,1671.0,662,711.0,19,23530,12,64,664.0,700,C1,5.800000000000001,15.0
806,104732,KS,F,1403,6.285714286,605.0,306,362.0,0,14037,3,34,335.0,343,S2,3.714285714,10.0
807,126035,TX,U,1308,10.0625,262.0,163,260.0,0,7587,4,89,206.0,226,R3,10.9375,21.0
808,29852,GA,M,5712,9.643571429,593.0,301,361.0,0,11838,2,62,341.0,316,T2,7.356428571,17.0
809,118091,TX,M,4612,16.125,491.0,356,387.0,0,12961,2,77,384.0,357,T2,3.875,20.0
810,8204,MI,F,1503,13.25,301.0,205,256.0,0,8803,0,92,208.0,246,R3,-3.25,10.0
811,90947,IL,F,5001,15.0,560.0,296,388.0,0,14237,6,76,384.0,340,S3,10.0,25.0
812,144769,CA,U,0,5.8,5879.0,703,930.0,98,57390,16,42,976.0,794,S1,0.20000000000000018,6.0
813,6912,NV,F,2609,12.91666667,617.0,168,259.0,1,9154,8,40,202.0,239,C2,2.0833333300000003,15.0
814,2464,TX,M,4104,7.823529412,481.0,195,307.0,1,11476,3,83,248.0,265,0,-0.8235294120000001,7.0
815,71400,MI,M,0,8.0,602.0,336,391.0,0,12418,1,87,366.0,363,R2,7.0,15.0
816,250,IL,F,1001,10.875,469.0,222,304.0,1,10469,2,77,241.0,257,S2,4.125,15.0
817,99325,MO,M,1701,10.0,1191.0,440,575.0,1,20176,3,58,536.0,515,C1,0.0,10.0
818,120461,TX,F,4401,16.4,547.0,309,377.0,0,11973,1,70,337.0,340,R2,3.6000000000000014,20.0
819,185760,GA,,0,6.916666667,659.0,250,432.0,0,14914,7,43,338.0,334,C2,3.0833333329999997,10.0
820,133285,ID,F,0,25.0,466.0,205,265.0,0,10962,1,48,242.0,242,R2,5.0,30.0
821,60526,IN,M,4510,5.5,347.0,213,275.0,0,7915,3,85,221.0,252,C3,0.5,6.0
822,26858,GA,M,4212,11.33333333,871.0,408,476.0,2,16480,6,37,426.0,452,S2,3.6666666699999997,15.0
823,61488,IN,M,2101,5.403846154,682.0,367,448.0,0,14194,1,87,432.0,395,R2,1.596153846,7.0
824,182156,WA,F,3001,22.0,987.0,393,427.0,2,13350,3,52,408.0,420,S2,5.0,27.0
825,133925,ID,M,1906,22.0,605.0,213,303.0,3,10788,2,38,241.0,269,R1,3.0,25.0
826,115431,OK,M,2801,4.8,389.0,177,248.0,0,7982,0,71,218.0,211,T2,0.20000000000000018,5.0
827,72366,MI,M,4701,10.5,448.0,291,359.0,0,11662,1,52,309.0,330,R2,9.5,20.0
828,32527,FL,F,3801,3.4444444439999997,786.0,352,423.0,1,16104,5,26,371.0,384,S2,-0.4444444439999997,3.0
829,175974,OR,M,1701,7.444444444,542.0,199,262.0,0,9349,8,53,219.0,239,C3,3.555555556,11.0
830,96008,IL,F,0,4.838709677,300.0,87,185.0,0,7586,2,84,163.0,134,T3,0.16129032300000024,5.0
831,106610,NE,M,2812,10.5,475.0,318,366.0,0,13159,0,75,360.0,324,T2,4.5,15.0
832,80395,WI,F,0,15.0,902.0,477,517.0,0,15876,2,77,507.0,500,C1,35.0,50.0
833,86225,SD,M,3611,13.5,499.0,247,331.0,0,12213,1,81,283.0,273,R2,-3.5,10.0
834,43595,MI,M,0,5.75,684.0,461,543.0,0,17874,1,79,523.0,503,T2,0.25,6.0
835,144812,CA,M,2801,80.0,3608.0,336,526.0,96,19440,28,35,462.0,421,S1,-30.0,50.0
836,182480,WA,F,0,30.71428571,705.0,337,569.0,2,20987,4,49,416.0,449,C1,19.28571429,50.0
837,135265,AZ,feamale,0,10.0,815.0,264,472.0,0,18423,7,12,439.0,322,S2,4.0,14.0
838,84610,MN,F,1111,3.1136363639999995,780.0,477,507.0,0,16525,4,69,485.0,488,C1,0.8863636360000005,4.0
839,116533,TX,F,0,7.619047619,496.0,234,259.0,0,9429,11,74,218.0,260,T2,2.380952381,10.0
840,29501,GA,U,2710,17.42857143,510.0,276,347.0,1,10325,0,76,338.0,305,T2,3.5714285699999984,21.0
841,102351,MO,F,3301,13.33333333,787.0,208,356.0,0,11107,0,59,271.0,264,U3,9.66666667,23.0
842,136935,OK,F,0,9.0,454.0,312,306.0,0,9808,3,63,311.0,302,T2,6.0,15.0
843,137833,AZ,M,0,22.5,762.0,375,437.0,0,14900,6,21,396.0,418,T2,2.5,25.0
844,162392,CA,M,2301,11.85714286,3839.0,683,729.0,98,26731,19,46,669.0,706,S1,8.14285714,20.0
845,186713,CA,F,3408,22.8125,813.0,297,424.0,0,22764,10,21,360.0,348,C2,-7.8125,15.0
846,12573,WA,F,803,63.03571429,1375.0,285,443.0,6,18247,7,41,510.0,330,0,38.96428571,102.0
847,112594,AR,M,0,9.0,704.0,222,461.0,2,18592,1,70,374.0,295,T2,6.0,15.0
848,145123,CA,F,1801,4.1,5743.0,564,903.0,99,44839,9,47,812.0,708,S1,0.9000000000000004,5.0
849,58374,KY,F,1712,9.545454546,483.0,169,269.0,0,9809,0,53,237.0,216,T2,0.4545454539999998,10.0
850,108316,LA,M,3909,18.5,1903.0,213,379.0,45,20833,7,49,265.0,274,U1,5.5,24.0
851,71312,MI,F,3811,3.08,497.0,350,384.0,0,11696,1,92,364.0,357,R2,-0.08000000000000007,3.0
852,142241,NV,F,3505,13.2,2368.0,578,833.0,68,27653,7,40,827.0,723,T1,16.8,30.0
853,7238,IA,F,0,5.538461539,374.0,234,283.0,0,10539,0,74,305.0,225,T2,6.461538461,12.0
854,132003,CO,F,0,5.571428571,508.0,240,427.0,0,14984,1,61,303.0,377,R2,2.428571429,8.0
855,172220,CA,M,4011,12.13333333,676.0,156,203.0,0,4877,18,54,172.0,201,C3,6.866666670000001,19.0
856,189916,MI,M,1004,21.16666667,805.0,382,507.0,0,17020,6,78,506.0,421,0,-16.16666667,5.0
857,89358,IL,M,3801,11.66666667,732.0,409,463.0,0,13763,12,63,416.0,450,C2,8.33333333,20.0
858,82843,MN,F,0,5.071428571,737.0,302,445.0,0,14822,5,76,383.0,357,S2,-0.07142857100000022,5.0
859,56124,MS,M,5106,15.0,600.0,254,294.0,0,9800,3,16,255.0,292,0,5.0,20.0
860,75840,IA,M,1501,12.75,686.0,356,492.0,0,19695,3,64,449.0,408,C1,7.25,20.0
861,163220,CA,U,4701,11.5,5829.0,585,977.0,99,52437,16,24,987.0,691,U1,14.5,26.0
862,74615,MI,M,1101,7.0,500.0,155,423.0,0,13674,9,59,385.0,263,C2,2.0,9.0
863,45808,FL,F,1809,8.578947368,877.0,332,432.0,3,16670,7,15,380.0,392,S2,1.4210526320000003,10.0
864,162593,CA,M,5010,9.285714286000001,5954.0,1500,1263.0,99,68593,17,57,1500.0,1185,S1,4.714285713999999,14.0
865,20237,NC,feamale,5201,6.266666667000001,674.0,294,405.0,1,13120,2,65,381.0,347,T2,6.733333332999999,13.0
866,54828,MS,feamale,2606,7.818181817999999,338.0,158,227.0,0,6834,0,90,195.0,197,R3,-2.8181818179999993,5.0
867,168589,OR,F,0,11.875,835.0,186,274.0,7,10045,2,32,244.0,240,U3,-1.875,10.0
868,168275,CA,U,2001,13.69230769,3373.0,643,729.0,96,29018,7,56,682.0,699,U1,22.30769231,36.0
869,175438,OR,,2001,15.46428571,925.0,129,441.0,8,18634,8,28,363.0,215,U2,9.53571429,25.0
870,68427,MI,,0,38.0,483.0,341,430.0,0,14629,17,61,393.0,382,U2,-13.0,25.0
871,89680,IL,F,4201,10.0,1290.0,515,624.0,2,17626,8,74,559.0,575,S1,5.0,15.0
872,132131,CO,F,5901,14.875,613.0,129,244.0,0,8382,0,50,207.0,168,R1,10.125,25.0
873,180175,WA,F,2612,14.07142857,938.0,297,379.0,3,15721,5,52,319.0,344,S2,5.92857143,20.0
874,85931,SD,U,0,6.1111111110000005,246.0,256,297.0,0,9572,0,86,269.0,276,R2,-0.11111111100000048,6.0
875,147305,CA,M,5201,12.4,2741.0,618,558.0,77,21986,4,50,609.0,586,S1,2.5999999999999996,15.0
876,122404,TX,F,3401,10.0,546.0,201,319.0,1,10633,9,70,244.0,270,T2,15.0,25.0
877,27670,GA,M,0,11.5,894.0,423,509.0,2,19549,9,35,481.0,452,S1,13.5,25.0
878,17791,NC,feamale,3901,25.0,969.0,515,596.0,13,22008,7,51,562.0,544,C1,0.0,25.0
879,113728,OK,M,1901,15.0,493.0,244,337.0,0,12105,4,61,305.0,273,C2,0.0,15.0
880,51846,TN,F,5501,15.0,386.0,177,251.0,0,8524,0,83,231.0,220,R3,10.0,25.0
881,51528,TN,F,3701,6.071428571,472.0,257,337.0,0,13332,0,64,303.0,284,C2,-1.0714285710000002,5.0
882,155642,CA,U,0,9.0,1034.0,176,295.0,2,10176,20,44,249.0,222,C2,3.0,12.0
883,99497,MO,M,6201,8.214285713999999,834.0,383,413.0,0,12532,2,78,409.0,382,T2,-3.214285713999999,5.0
884,95240,IL,M,5209,10.71875,604.0,344,391.0,0,12452,5,63,385.0,339,T2,0.28125,11.0
885,126639,TX,M,709,7.4,588.0,237,329.0,1,11033,4,71,272.0,292,R2,0.5999999999999996,8.0
886,15965,NC,M,2701,3.6875,429.0,232,286.0,0,9832,1,75,259.0,253,T3,1.3125,5.0
887,114321,OK,M,0,15.0,737.0,397,456.0,0,14451,1,56,420.0,420,T2,10.0,25.0
888,132567,WY,F,3401,15.33333333,985.0,413,478.0,3,16809,1,40,453.0,449,R1,4.66666667,20.0
889,78312,WI,male,3307,10.55555556,565.0,332,383.0,0,15523,3,72,406.0,370,S2,4.44444444,15.0
890,188078,SC,M,0,11.125,1083.0,450,557.0,11,18815,3,38,502.0,506,T1,-1.125,10.0
891,102398,MO,F,2810,5.166666667,442.0,213,259.0,0,14114,1,53,210.0,274,C2,6.833333333,12.0
892,45116,FL,M,1308,4.9130434780000005,1642.0,522,651.0,26,28264,5,9,551.0,611,S1,0.08695652199999948,5.0
893,155921,CA,M,2001,14.07692308,1483.0,306,416.0,27,17874,4,50,333.0,382,R1,10.92307692,25.0
894,77196,WI,F,6501,15.0,940.0,428,495.0,0,16556,3,83,465.0,452,T2,10.0,25.0
895,10893,CA,,0,15.66666667,2012.0,225,374.0,51,16165,10,36,316.0,294,R1,4.33333333,20.0
896,19621,NC,feamale,2707,12.0,517.0,123,231.0,0,7025,1,81,180.0,194,C3,9.0,21.0
897,149653,CA,F,4908,15.0,1773.0,292,367.0,29,12551,41,37,306.0,346,U2,-5.0,10.0
898,159750,CA,M,1801,6.0,946.0,382,524.0,15,18560,5,63,436.0,465,C2,3.0,9.0
899,136269,AZ,feamale,3401,8.555555556,1149.0,563,606.0,12,18764,3,27,566.0,598,S1,6.444444444,15.0
900,108029,LA,M,4909,4.875,729.0,407,483.0,3,13568,1,92,444.0,448,S2,0.125,5.0
901,10719,WA,F,1401,11.55555556,2375.0,327,377.0,67,16653,6,40,358.0,331,0,7.44444444,19.0
902,156572,CA,M,0,17.33333333,3092.0,578,720.0,66,25768,13,47,644.0,641,S1,7.6666666700000015,25.0
903,152737,CA,M,0,8.941176471,2312.0,456,589.0,63,21372,7,44,516.0,531,S1,-1.9411764710000003,7.0
904,94307,IL,F,2001,9.173913043999999,1063.0,269,393.0,0,13817,36,55,322.0,304,U2,5.826086956000001,15.0
905,129947,CO,F,4401,20.0,552.0,194,315.0,1,10909@,9,49,258.0,262,C3,0.0,20.0
906,108919,LA,F,0,9.5,629.0,210,327.0,1,11405,2,62,277.0,279,C2,5.5,15.0
907,4055,TX,M,5101,10.15384615,1247.0,555,718.0,8,28285,4,62,617.0,672,C1,-0.15384614999999968,10.0
908,175907,OR,F,1508,9.529411765,807.0,351,420.0,0,16532,7,51,388.0,377,C2,5.470588234999999,15.0
909,13188,IN,F,5001,47.18181818,679.0,236,328.0,1,6997,0,91,247.0,304,R3,52.81818182,100.0
910,35181,FL,M,3208,20.875,1395.0,471,642.0,28,28892,6,20,509.0,580,S1,4.125,25.0
911,53127,TN,M,0,17.625,576.0,216,339.0,0,17149,0,78,319.0,295,T2,12.375,30.0
912,88056,IL,F,2901,3.8,1355.0,496,670.0,13,27692,9,65,567.0,593,S1,1.2000000000000002,5.0
913,145944,CA,F,2703,6.583333333,2679.0,445,572.0,78,20693,11,55,470.0,535,S1,6.416666667,13.0
914,86640,ND,F,0,6.862068966,553.0,340,395.0,0,13167,1,76,399.0,355,R2,6.137931034,13.0
915,99673,MO,F,5807,9.5,638.0,470,521.0,0,15490,2,84,483.0,488,S2,12.5,22.0
916,96000,IL,M,1401,3.583333333,359.0,88,329.0,0,10543,10,53,218.0,159,C3,6.416666666999999,10.0
917,170256,CA,F,0,7.5,1246.0,264,362.0,13,11851,4,63,296.0,339,R1,2.5,10.0
918,20821,NC,M,5201,12.21428571,631.0,286,373.0,1,13818,1,83,324.0,333,T2,-2.2142857100000004,10.0
919,189715,CA,F,0,16.25,5708.0,504,854.0,97,36020,19,50,708.0,575,U1,8.75,25.0
920,183898,WA,J,1008,5.5,429.0,266,343.0,1,12534,1,57,302.0,310,R2,-2.5,3.0
921,155157,CA,F,0,12.33333333,955.0,329,359.0,1,10736,7,63,332.0,346,U3,-0.3333333300000003,12.0
922,137134,AZ,M,2512,9.090909091,810.0,320,393.0,0,18361,4,8,354.0,368,C2,0.9090909089999997,10.0
923,129602,CO,F,2401,7.214285714,638.0,222,286.0,0,10909@,13,22,307.0,230,C2,5.785714286,13.0
924,182286,WA,male,4001,15.0,699.0,262,299.0,0,12872,4,55,208.0,301,C2,5.0,20.0
925,138804,AZ,feamale,0,9.444444444,1239.0,348,428.0,10,14561,4,34,365.0,399,R2,0.5555555559999998,10.0
926,100569,MO,M,501,15.0,2241.0,584,904.0,61,29643,2,42,822.0,716,U1,0.0,15.0
927,9287,CA,M,3901,7.2,1432.0,420,461.0,18,14210,4,50,423.0,453,S2,0.7999999999999998,8.0
928,104108,MO,F,2712,11.78947368,609.0,263,355.0,0,13005,2,58,357.0,301,C1,-0.7894736800000004,11.0
929,1357,MI,F,5612,10.66666667,889.0,328,431.0,0,13456,6,84,368.0,391,S2,4.33333333,15.0
930,10784,WA,male,0,4.407407407,791.0,565,571.0,0,20238,8,28,563.0,566,C1,5.592592593,10.0
931,140049,NM,F,4501,9.857142857000001,629.0,170,243.0,2,7822,1,62,197.0,214,R2,10.142857142999999,20.0
932,170489,CA,F,0,20.0,2128.0,470,567.0,56,16285,3,66,472.0,559,T1,0.0,20.0
933,184289,WA,F,4411,7.666666667,645.0,359,381.0,1,11050,9,54,376.0,360,R2,2.3333333329999997,10.0
934,36353,FL,F,2101,9.5,1344.0,335,446.0,23,22233,8,1,403.0,377,C2,7.5,17.0
935,97689,IL,M,3601,10.0,821.0,334,431.0,1,15694,3,57,371.0,390,T2,0.0,10.0
936,133229,ID,M,5001,12.0,681.0,382,445.0,0,16011,5,48,396.0,406,T1,13.0,25.0
937,51845,TN,F,0,8.444444444,386.0,177,251.0,0,8524,0,83,231.0,220,R3,9.555555556,18.0
938,111485,AR,M,810,29.57142857,361.0,145,233.0,0,8563,0,52,182.0,199,C2,0.42857143000000164,30.0
939,75331,IA,F,4401,8.5,583.0,310,452.0,3,17243,1,78,371.0,385,T2,16.5,25.0
940,96448,IL,F,2101,6.909090909,760.0,393,510.0,2,10909@,2,78,451.0,441,T1,1.0909090910000003,8.0
941,88802,IL,M,3101,13.0,1711.0,479,683.0,34,26817,11,72,542.0,629,S1,12.0,25.0
942,183702,WA,F,4801,11.33333333,700.0,322,446.0,0,14360,7,47,415.0,356,T1,-1.3333333300000003,10.0
943,175535,OR,M,6101,10.6,904.0,339,510.0,9,20426,2,56,446.0,442,U1,9.4,20.0
944,35325,FL,M,1801,12.14285714,833.0,277,387.0,0,14317,8,21,350.0,329,C2,17.85714286,30.0
945,181655,WA,male,4212,15.0625,957.0,418,438.0,6,14668,6,54,417.0,423,C2,34.9375,50.0
946,95582,IL,F,0,15.0,607.0,279,442.0,4,19317,3,64,371.0,346,C2,6.0,21.0
947,14394,TX,M,6901,25.0,631.0,273,294.0,0,8650,10,28,278.0,288,T2,-15.0,10.0
948,81823,WI,male,4001,25.0,470.0,234,365.0,0,12277,1,89,355.0,271,R2,20.0,45.0
949,143470,CA,M,5201,15.14285714,4112.0,562,841.0,95,34677,18,50,798.0,725,U1,1.8571428599999997,17.0
950,77048,IA,F,3601,7.0,342.0,209,261.0,0,10728,0,59,214.0,241,C3,0.0,7.0
951,20962,NC,M,3801,15.0,668.0,296,337.0,1,11490,5,30,308.0,317,T2,0.0,15.0
952,58725,KY,M,1811,15.0,313.0,142,251.0,0,9665,0,87,165.0,210,R2,0.0,15.0
953,124104,TX,M,5002,15.25,427.0,455,580.0,0,18517,3,64,464.0,538,C2,7.75,23.0
954,65136,MI,F,3501,42.5,886.0,490,606.0,2,17633,5,83,536.0,570,T1,-22.5,20.0
955,132558,WY,male,4201,15.0,1034.0,511,610.0,0,30595,0,33,511.0,656,T1,0.0,15.0
956,82248,MN,M,2205,5.916666667,480.0,157,246.0,0,9020,1,80,184.0,214,R2,2.0833333329999997,8.0
957,38944,FL,M,5701,16.33333333,809.0,303,361.0,0,11303,19,27,319.0,342,U3,8.666666670000001,25.0
958,47111,AL,Male,2401,3.782608696,453.0,219,299.0,0,9654,0,90,264.0,263,R3,1.217391304,5.0
959,165620,CA,U,2801,3.152173913,1609.0,346,435.0,15,16568,11,60,435.0,404,U3,0.8478260870000001,4.0
960,59561,IN,M,6101,8.2,438.0,275,304.0,0,10632,0,75,324.0,282,R3,0.8000000000000007,9.0
961,27423,GA,F,0,9.166666667000001,442.0,218,286.0,0,9399,0,78,253.0,257,R3,-4.166666667000001,5.0
962,13484,FL,M,0,15.0,1034.0,488,555.0,1,19446,7,12,524.0,515,C1,-4.0,11.0
963,133491,ID,M,0,46.33333333,679.0,298,360.0,1,10779,3,37,327.0,332,T2,53.66666667,100.0
964,63000,IN,,0,20.0,351.0,192,235.0,0,8757,0,79,214.0,212,T3,5.0,25.0
965,187284,IA,F,0,8.666666667000001,614.0,222,363.0,0,13840,1,69,317.0,305,C2,1.3333333329999988,10.0
966,131423,CO,M,4812,14.8,881.0,327,382.0,1,12204,5,33,332.0,375,R2,10.2,25.0
967,22942,SC,F,2901,8.5,616.0,324,361.0,0,15746,4,51,334.0,348,C2,0.5,9.0
968,85579,MN,F,2001,20.0,522.0,227,347.0,0,12849,1,64,292.0,294,T2,0.0,20.0
969,3009,CA,F,4801,9.875,1184.0,324,368.0,0,13817,9,55,341.0,352,U3,10.125,20.0
970,105923,KS,F,1501,5.857142857,481.0,322,352.0,0,10909@,0,77,318.0,359,S2,1.1428571429999996,7.0
971,187722,MI,M,0,6.2,1348.0,662,788.0,22,30766,4,65,712.0,752,T1,0.7999999999999998,7.0
972,15566,NC,feamale,0,7.214285714,683.0,343,441.0,1,15482,1,77,398.0,377,R2,2.785714286,10.0
973,84745,MN,F,1601,6.590909091,604.0,318,376.0,1,12097,1,78,338.0,356,R2,0.40909090899999967,7.0
974,78172,WI,F,4401,15.0,1167.0,558,626.0,4,19797,4,71,576.0,597,C1,10.0,25.0
975,186334,IN,M,1908,8.947368421,836.0,222,442.0,8,16007,0,78,431.0,347,C3,1.0526315789999998,10.0
976,170767,CA,F,2001,12.5,1349.0,370,480.0,1,23716,15,24,418.0,436,C1,2.5,15.0
977,149152,CA,M,4401,20.0,4507.0,842,962.0,95,54642,17,50,1004.0,893,S1,0.0,20.0
978,959,IA,F,4404,7.3,586.0,349,465.0,1,15304,1,77,413.0,404,C2,2.7,10.0
979,179563,WA,male,5001,16.4,842.0,420,494.0,2,12894,41,24,419.0,476,S2,6.600000000000001,23.0
980,41243,FL,F,2201,9.818181818,556.0,246,330.0,0,10272,2,56,277.0,292,S2,2.1818181820000007,12.0
981,160500,CA,M,1406,7.333333333,1467.0,311,392.0,7,15108,8,61,323.0,356,C2,-2.3333333329999997,5.0
982,77605,WI,male,5001,10.0,1304.0,465,609.0,13,23455,6,71,484.0,595,0,5.0,15.0
983,190064,Tennessee,F,0,10.0,340.0,149,188.0,0,6842,1,48,151.0,173,U4,10.0,20.0
984,138758,AZ,feamale,0,14.8,616.0,403,443.0,0,14174,0,69,423.0,406,T2,5.199999999999999,20.0
985,8531,MI,M,6001,6.368421053,497.0,275,369.0,0,12368,0,88,296.0,343,R2,3.6315789470000004,10.0
986,27846,GA,,0,23.33333333,1149.0,420,509.0,14,17492,2,58,460.0,469,C2,176.66666667,200.0
987,22782,SC,M,0,10.0,514.0,205,238.0,3,8533,2,46,224.0,226,T3,0.0,10.0
988,66223,MI,M,5801,9.571428571,870.0,319,398.0,3,15849,2,83,345.0,357,S2,0.4285714289999998,10.0
989,189616,CA,M,0,20.0,2680.0,314,517.0,80,20665,13,41,506.0,402,0,15.0,35.0
990,79649,WI,F,0,10.33333333,556.0,259,258.0,0,12721,6,66,275.0,268,S2,4.66666667,15.0
991,138999,AZ,feamale,1603,8.434782608999999,624.0,284,355.0,1,12121,3,29,326.0,324,T3,1.565217391000001,10.0
992,8232,MO,F,3702,13.41666667,322.0,190,302.0,0,10909@,0,80,240.0,239,R2,-3.4166666699999997,10.0
993,43020,FL,F,0,15.0,736.0,262,347.0,0,12780,11,6,293.0,321,C2,0.0,15.0
994,118862,TX,M,4208,8.5,868.0,554,571.0,0,21200,9,49,564.0,569,S1,3.5,12.0
995,30104,GA,M,5201,8.833333332999999,364.0,246,325.0,0,9720,0,89,307.0,287,R2,6.166666667000001,15.0
996,154614,CA,F,0,15.0,1709.0,511,537.0,26,15138,9,68,518.0,527,T1,5.0,20.0
997,57151,KY,F,3601,15.9,875.0,311,326.0,0,7746,3,29,326.0,326,R1,10.1,26.0
998,71425,MI,M,4401,6.0,713.0,300,364.0,0,16833,2,88,313.0,323,T2,1.0,7.0
1001,41384,FL,F,5107,9.428571429,556.0,318,352.0,0,11779,16,22,358.0,320,S3,2.571428571,12.0
